id	oldParent	newParent
6aae7fcc6e20effe60dce9fa	6a8b7f8f5a0928dc05f6f3a9	6ab323c82875153c5d9ea6c5
6ab04942df06776bfe0b6598	6a8b7f8f5a0928dc05f6f3a9	6ab323c82875153c5d9ea6c5
6aae7eff6e20effe60dce8ae	6a8b7f8f5a0928dc05f6f3a9	6ab323c82875153c5d9ea6c5
6aae80406e20effe60dcebe1	6a8b7f8f5a0928dc05f6f3a9	6ab323c82875153c5d9ea6c5
6ab056a1df06776bfe0b7d32	6a8b7f8f5a0928dc05f6f3a9	6ab323c82875153c5d9ea6c5
6ab04adcdf06776bfe0b6878	6a8b7f8f5a0928dc05f6f3a9	6ab323c82875153c5d9ea6c5
6aaeb11a2d6a320f5fb51c9e	6a8b7f8f5a0928dc05f6f3a9	6ab323c82875153c5d9ea6c5
6ab04a46df06776bfe0b6758	6a8b7f8f5a0928dc05f6f3a9	6ab323c82875153c5d9ea6c5
6ab04c75df06776bfe0b6abe	6a8b7f8f5a0928dc05f6f3a9	6ab323c82875153c5d9ea6c5
6ab04af8df06776bfe0b68b5	6a8b7f8f5a0928dc05f6f3a9	6ab323c82875153c5d9ea6c5
6aaeb1842d6a320f5fb51eab	6a8b7f8f5a0928dc05f6f3a9	6ab323c82875153c5d9ea6c5
6aaeb1902d6a320f5fb51edb	6a8b7f8f5a0928dc05f6f3a9	6ab323c82875153c5d9ea6c5
6ab04f2cdf06776bfe0b6f13	6a8b7f8f5a0928dc05f6f3a9	6ab323c82875153c5d9ea6c5
6aaeb2152d6a320f5fb520e0	6a8b7f8f5a0928dc05f6f3a9	6ab323c82875153c5d9ea6c5
6ab04e3cdf06776bfe0b6e00	6a8b7f8f5a0928dc05f6f3a9	6ab323c82875153c5d9ea6c5
6aadd6f37767763ab7b49767	6a8b7f8f5a0928dc05f6f3a9	6ab323c82875153c5d9ea6c5
6ab05accdf06776bfe0b8244	6a8b7f8f5a0928dc05f6f3a9	6ab323c82875153c5d9ea6c5
6ab04f9ddf06776bfe0b7006	6a8b7f8f5a0928dc05f6f3a9	6ab323c82875153c5d9ea6c5
6ab04e2cdf06776bfe0b6ddb	6a8b7f8f5a0928dc05f6f3a9	6ab323c82875153c5d9ea6c5
6aafa523f7690c13ea801112	6a8b7f8f5a0928dc05f6f3a9	6ab323c82875153c5d9ea6c5
6aaeb22c2d6a320f5fb52173	6a8b7f8f5a0928dc05f6f3a9	6ab323c82875153c5d9ea6c5
6ab052acdf06776bfe0b7588	6a8b7f8f5a0928dc05f6f3a9	6ab323c82875153c5d9ea6c5
6ab053a0df06776bfe0b784f	6a8b7f8f5a0928dc05f6f3a9	6ab323c82875153c5d9ea6c5
6ab076c2b04b288fb4b26eb4	6a8b7f8f5a0928dc05f6f3a9	6ab323c82875153c5d9ea6c5
6ab052b4df06776bfe0b75a8	6a8b7f8f5a0928dc05f6f3a9	6ab323c82875153c5d9ea6c5
6aaeb2352d6a320f5fb521c3	6a8b7f8f5a0928dc05f6f3a9	6ab323c82875153c5d9ea6c5
6ab0539bdf06776bfe0b783d	6a8b7f8f5a0928dc05f6f3a9	6ab323c82875153c5d9ea6c5
6aaeb3962d6a320f5fb52739	6a8b7f8f5a0928dc05f6f3a9	6ab323c82875153c5d9ea6c5
6ab0523edf06776bfe0b7461	6a8b7f8f5a0928dc05f6f3a9	6ab323c82875153c5d9ea6c5
6ab0558edf06776bfe0b7b4a	6a8b7f8f5a0928dc05f6f3a9	6ab323c82875153c5d9ea6c5
6ab053d8df06776bfe0b78b8	6a8b7f8f5a0928dc05f6f3a9	6ab323c82875153c5d9ea6c5
6ab05589df06776bfe0b7b3d	6a8b7f8f5a0928dc05f6f3a9	6ab323c82875153c5d9ea6c5
6aaeb2852d6a320f5fb522c5	6a8b7f8f5a0928dc05f6f3a9	6ab323c82875153c5d9ea6c5
6ab07762b04b288fb4b27044	6a8b7f8f5a0928dc05f6f3a9	6ab323c82875153c5d9ea6c5
6ab05425df06776bfe0b794b	6a8b7f8f5a0928dc05f6f3a9	6ab323c82875153c5d9ea6c5
6ab053ecdf06776bfe0b78ef	6a8b7f8f5a0928dc05f6f3a9	6ab323c82875153c5d9ea6c5
6ab05492df06776bfe0b79e8	6a8b7f8f5a0928dc05f6f3a9	6ab323c82875153c5d9ea6c5
6aafa530f7690c13ea801144	6a8b7f8f5a0928dc05f6f3a9	6ab323c82875153c5d9ea6c5
6ab054b1df06776bfe0b7a1a	6a8b7f8f5a0928dc05f6f3a9	6ab323c82875153c5d9ea6c5
6aaeb2442d6a320f5fb5222c	6a8b7f8f5a0928dc05f6f3a9	6ab323c82875153c5d9ea6c5
6aaeb2862d6a320f5fb522ca	6a8b7f8f5a0928dc05f6f3a9	6ab323c82875153c5d9ea6c5
6ab0541fdf06776bfe0b7941	6a8b7f8f5a0928dc05f6f3a9	6ab323c82875153c5d9ea6c5
6ab057a9df06776bfe0b7ec4	6a8b7f8f5a0928dc05f6f3a9	6ab323c82875153c5d9ea6c5
6ab05419df06776bfe0b7939	6a8b7f8f5a0928dc05f6f3a9	6ab323c82875153c5d9ea6c5
6ab0562edf06776bfe0b7c66	6a8b7f8f5a0928dc05f6f3a9	6ab323c82875153c5d9ea6c5
6ab054d5df06776bfe0b7a61	6a8b7f8f5a0928dc05f6f3a9	6ab323c82875153c5d9ea6c5
6aaeb28c2d6a320f5fb522eb	6a8b7f8f5a0928dc05f6f3a9	6ab323c82875153c5d9ea6c5
6ab058a6df06776bfe0b8089	6a8b7f8f5a0928dc05f6f3a9	6ab323c82875153c5d9ea6c5
6aaeb28c2d6a320f5fb522ee	6a8b7f8f5a0928dc05f6f3a9	6ab323c82875153c5d9ea6c5
6ab058addf06776bfe0b809a	6a8b7f8f5a0928dc05f6f3a9	6ab323c82875153c5d9ea6c5
6aaeb2932d6a320f5fb5231e	6a8b7f8f5a0928dc05f6f3a9	6ab323c82875153c5d9ea6c5
6ab058f1df06776bfe0b80ef	6a8b7f8f5a0928dc05f6f3a9	6ab323c82875153c5d9ea6c5
6aafa659f7690c13ea801431	6a8b7f8f5a0928dc05f6f3a9	6ab323c82875153c5d9ea6c5
6ab07d2ab04b288fb4b27939	6a8b7f8f5a0928dc05f6f3a9	6ab323c82875153c5d9ea6c5
6aaeb2b12d6a320f5fb52377	6a8b7f8f5a0928dc05f6f3a9	6ab323c82875153c5d9ea6c5
6ab05a96df06776bfe0b81da	6a8b7f8f5a0928dc05f6f3a9	6ab323c82875153c5d9ea6c5
6aaeb36a2d6a320f5fb525c8	6a8b7f8f5a0928dc05f6f3a9	6ab323c82875153c5d9ea6c5
6aaeb36c2d6a320f5fb525df	6a8b7f8f5a0928dc05f6f3a9	6ab323c82875153c5d9ea6c5
6ab06986116cf5b1fd65558e	6a8b7f8f5a0928dc05f6f3a9	6ab323c82875153c5d9ea6c5
6ab058e2df06776bfe0b80cf	6a8b7f8f5a0928dc05f6f3a9	6ab323c82875153c5d9ea6c5
6aaeb3702d6a320f5fb52602	6a8b7f8f5a0928dc05f6f3a9	6ab323c82875153c5d9ea6c5
6aaeb3702d6a320f5fb52605	6a8b7f8f5a0928dc05f6f3a9	6ab323c82875153c5d9ea6c5
6ab069cb116cf5b1fd6555f3	6a8b7f8f5a0928dc05f6f3a9	6ab323c82875153c5d9ea6c5
6aaeb4112d6a320f5fb52a56	6a8b7f8f5a0928dc05f6f3a9	6ab323c82875153c5d9ea6c5
6ab06b92116cf5b1fd655951	6a8b7f8f5a0928dc05f6f3a9	6ab323c82875153c5d9ea6c5
6aaeb3732d6a320f5fb5261c	6a8b7f8f5a0928dc05f6f3a9	6ab323c82875153c5d9ea6c5
6ab06a3b116cf5b1fd6556a4	6a8b7f8f5a0928dc05f6f3a9	6ab323c82875153c5d9ea6c5
6aaeb3752d6a320f5fb5262c	6a8b7f8f5a0928dc05f6f3a9	6ab323c82875153c5d9ea6c5
6ab06ad9116cf5b1fd655805	6a8b7f8f5a0928dc05f6f3a9	6ab323c82875153c5d9ea6c5
6ab0698f116cf5b1fd65559b	6a8b7f8f5a0928dc05f6f3a9	6ab323c82875153c5d9ea6c5
6ab06b3c116cf5b1fd6558bf	6a8b7f8f5a0928dc05f6f3a9	6ab323c82875153c5d9ea6c5
6aaeb3762d6a320f5fb52639	6a8b7f8f5a0928dc05f6f3a9	6ab323c82875153c5d9ea6c5
6aaeb3792d6a320f5fb52655	6a8b7f8f5a0928dc05f6f3a9	6ab323c82875153c5d9ea6c5
6ab06bd0116cf5b1fd6559bb	6a8b7f8f5a0928dc05f6f3a9	6ab323c82875153c5d9ea6c5
6aaeb37f2d6a320f5fb52690	6a8b7f8f5a0928dc05f6f3a9	6ab323c82875153c5d9ea6c5
6ab07760b04b288fb4b2703d	6a8b7f8f5a0928dc05f6f3a9	6ab323c82875153c5d9ea6c5
6aaeb37f2d6a320f5fb52693	6a8b7f8f5a0928dc05f6f3a9	6ab323c82875153c5d9ea6c5
6aaeb3822d6a320f5fb526af	6a8b7f8f5a0928dc05f6f3a9	6ab323c82875153c5d9ea6c5
6ab07816b04b288fb4b271ca	6a8b7f8f5a0928dc05f6f3a9	6ab323c82875153c5d9ea6c5
6ab06ed2116cf5b1fd655c42	6a8b7f8f5a0928dc05f6f3a9	6ab323c82875153c5d9ea6c5
6ab07a3cb04b288fb4b27509	6a8b7f8f5a0928dc05f6f3a9	6ab323c82875153c5d9ea6c5
6ab06a6e116cf5b1fd65571f	6a8b7f8f5a0928dc05f6f3a9	6ab323c82875153c5d9ea6c5
6ab06e8a116cf5b1fd655bdf	6a8b7f8f5a0928dc05f6f3a9	6ab323c82875153c5d9ea6c5
6ab06b0c116cf5b1fd655867	6a8b7f8f5a0928dc05f6f3a9	6ab323c82875153c5d9ea6c5
6ab074e4b04b288fb4b26af9	6a8b7f8f5a0928dc05f6f3a9	6ab323c82875153c5d9ea6c5
6ab06b3e116cf5b1fd6558c4	6a8b7f8f5a0928dc05f6f3a9	6ab323c82875153c5d9ea6c5
6ab06bd2116cf5b1fd6559c0	6a8b7f8f5a0928dc05f6f3a9	6ab323c82875153c5d9ea6c5
6ab06abc116cf5b1fd6557ca	6a8b7f8f5a0928dc05f6f3a9	6ab323c82875153c5d9ea6c5
6aaeb38a2d6a320f5fb526f4	6a8b7f8f5a0928dc05f6f3a9	6ab323c82875153c5d9ea6c5
6ab06f03116cf5b1fd655c79	6a8b7f8f5a0928dc05f6f3a9	6ab323c82875153c5d9ea6c5
6ab07a16b04b288fb4b274a6	6a8b7f8f5a0928dc05f6f3a9	6ab323c82875153c5d9ea6c5
6ab07321de33d8ae26d431f1	6a8b7f8f5a0928dc05f6f3a9	6ab323c82875153c5d9ea6c5
6ab07343de33d8ae26d4324f	6a8b7f8f5a0928dc05f6f3a9	6ab323c82875153c5d9ea6c5
6aaeb38d2d6a320f5fb52703	6a8b7f8f5a0928dc05f6f3a9	6ab323c82875153c5d9ea6c5
6aaeb3902d6a320f5fb52714	6a8b7f8f5a0928dc05f6f3a9	6ab323c82875153c5d9ea6c5
6aaeb3902d6a320f5fb52719	6a8b7f8f5a0928dc05f6f3a9	6ab323c82875153c5d9ea6c5
6aaeb3932d6a320f5fb52729	6a8b7f8f5a0928dc05f6f3a9	6ab323c82875153c5d9ea6c5
6ab06c6b116cf5b1fd655a86	6a8b7f8f5a0928dc05f6f3a9	6ab323c82875153c5d9ea6c5
6ab074a0b04b288fb4b26a58	6a8b7f8f5a0928dc05f6f3a9	6ab323c82875153c5d9ea6c5
6ab06de5116cf5b1fd655ba3	6a8b7f8f5a0928dc05f6f3a9	6ab323c82875153c5d9ea6c5
6ab06d9d116cf5b1fd655b71	6a8b7f8f5a0928dc05f6f3a9	6ab323c82875153c5d9ea6c5
6aaeb3982d6a320f5fb52743	6a8b7f8f5a0928dc05f6f3a9	6ab323c82875153c5d9ea6c5
6ab075fcb04b288fb4b26d53	6a8b7f8f5a0928dc05f6f3a9	6ab323c82875153c5d9ea6c5
6ab075bbb04b288fb4b26cc0	6a8b7f8f5a0928dc05f6f3a9	6ab323c82875153c5d9ea6c5
6ab0733fde33d8ae26d43243	6a8b7f8f5a0928dc05f6f3a9	6ab323c82875153c5d9ea6c5
6aaeb39c2d6a320f5fb52767	6a8b7f8f5a0928dc05f6f3a9	6ab323c82875153c5d9ea6c5
6ab0746eb04b288fb4b269cd	6a8b7f8f5a0928dc05f6f3a9	6ab323c82875153c5d9ea6c5
6aaeb39d2d6a320f5fb5276a	6a8b7f8f5a0928dc05f6f3a9	6ab323c82875153c5d9ea6c5
6ab0746bb04b288fb4b269c2	6a8b7f8f5a0928dc05f6f3a9	6ab323c82875153c5d9ea6c5
6ab07488b04b288fb4b26a16	6a8b7f8f5a0928dc05f6f3a9	6ab323c82875153c5d9ea6c5
6aafacfcf7690c13ea8023d8	6a8b7f8f5a0928dc05f6f3a9	6ab323c82875153c5d9ea6c5
6aafb985f7690c13ea80417a	6a8b7f8f5a0928dc05f6f3a9	6ab323c82875153c5d9ea6c5
6aaeb39e2d6a320f5fb52778	6a8b7f8f5a0928dc05f6f3a9	6ab323c82875153c5d9ea6c5
6ab074e5b04b288fb4b26afc	6a8b7f8f5a0928dc05f6f3a9	6ab323c82875153c5d9ea6c5
6aaeb3a42d6a320f5fb527ad	6a8b7f8f5a0928dc05f6f3a9	6ab323c82875153c5d9ea6c5
6aaeb3a62d6a320f5fb527bc	6a8b7f8f5a0928dc05f6f3a9	6ab323c82875153c5d9ea6c5
6aaeb3a62d6a320f5fb527c3	6a8b7f8f5a0928dc05f6f3a9	6ab323c82875153c5d9ea6c5
6ab07623b04b288fb4b26d84	6a8b7f8f5a0928dc05f6f3a9	6ab323c82875153c5d9ea6c5
6aaeb3a52d6a320f5fb527b7	6a8b7f8f5a0928dc05f6f3a9	6ab323c82875153c5d9ea6c5
6ab076e6b04b288fb4b26f09	6a8b7f8f5a0928dc05f6f3a9	6ab323c82875153c5d9ea6c5
6ab075c6b04b288fb4b26cd9	6a8b7f8f5a0928dc05f6f3a9	6ab323c82875153c5d9ea6c5
6ab07699b04b288fb4b26e54	6a8b7f8f5a0928dc05f6f3a9	6ab323c82875153c5d9ea6c5
6aaeb3ab2d6a320f5fb527eb	6a8b7f8f5a0928dc05f6f3a9	6ab323c82875153c5d9ea6c5
6aafe78cf7690c13ea809917	6a8b7f8f5a0928dc05f6f3a9	6ab323c82875153c5d9ea6c5
6ab0773ab04b288fb4b26fe2	6a8b7f8f5a0928dc05f6f3a9	6ab323c82875153c5d9ea6c5
6ab076a9b04b288fb4b26e83	6a8b7f8f5a0928dc05f6f3a9	6ab323c82875153c5d9ea6c5
6aaeb3ae2d6a320f5fb52801	6a8b7f8f5a0928dc05f6f3a9	6ab323c82875153c5d9ea6c5
6ab078dfb04b288fb4b27338	6a8b7f8f5a0928dc05f6f3a9	6ab323c82875153c5d9ea6c5
6aafe785f7690c13ea809909	6a8b7f8f5a0928dc05f6f3a9	6ab323c82875153c5d9ea6c5
6ab076e2b04b288fb4b26f02	6a8b7f8f5a0928dc05f6f3a9	6ab323c82875153c5d9ea6c5
6ab078abb04b288fb4b272d1	6a8b7f8f5a0928dc05f6f3a9	6ab323c82875153c5d9ea6c5
6ab07868b04b288fb4b2724a	6a8b7f8f5a0928dc05f6f3a9	6ab323c82875153c5d9ea6c5
6aafb077f7690c13ea802c50	6a8b7f8f5a0928dc05f6f3a9	6ab323c82875153c5d9ea6c5
6aaeb3b22d6a320f5fb52830	6a8b7f8f5a0928dc05f6f3a9	6ab323c82875153c5d9ea6c5
6ab07d17b04b288fb4b2791d	6a8b7f8f5a0928dc05f6f3a9	6ab323c82875153c5d9ea6c5
6ab0771ab04b288fb4b26f8c	6a8b7f8f5a0928dc05f6f3a9	6ab323c82875153c5d9ea6c5
6aafb2b1f7690c13ea8031ca	6a8b7f8f5a0928dc05f6f3a9	6ab323c82875153c5d9ea6c5
6ab07dceb04b288fb4b27a11	6a8b7f8f5a0928dc05f6f3a9	6ab323c82875153c5d9ea6c5
6aaeb3b32d6a320f5fb52835	6a8b7f8f5a0928dc05f6f3a9	6ab323c82875153c5d9ea6c5
6aaeb3b62d6a320f5fb52851	6a8b7f8f5a0928dc05f6f3a9	6ab323c82875153c5d9ea6c5
6aaeb3b62d6a320f5fb52854	6a8b7f8f5a0928dc05f6f3a9	6ab323c82875153c5d9ea6c5
6aafee22f7690c13ea80a40f	6a8b7f8f5a0928dc05f6f3a9	6ab323c82875153c5d9ea6c5
6aadc0e7b77ad0ab9d13565a	6a8b7f8f5a0928dc05f6f3a9	6ab323c82875153c5d9ea6c5
6aadc0e7b77ad0ab9d13565c	/raphael/Series/BoJack Horseman/Season 01	/raphael/Animações/BoJack Horseman/Season 01
6aadc10eb77ad0ab9d13565d	/raphael/Series/BoJack Horseman/Season 01	/raphael/Animações/BoJack Horseman/Season 01
6aadc135b77ad0ab9d13565e	/raphael/Series/BoJack Horseman/Season 01	/raphael/Animações/BoJack Horseman/Season 01
6aadc177b77ad0ab9d13565f	/raphael/Series/BoJack Horseman/Season 01	/raphael/Animações/BoJack Horseman/Season 01
6aadc1a3b77ad0ab9d135660	/raphael/Series/BoJack Horseman/Season 01	/raphael/Animações/BoJack Horseman/Season 01
6aadc1cab77ad0ab9d135661	/raphael/Series/BoJack Horseman/Season 01	/raphael/Animações/BoJack Horseman/Season 01
6aadc1f7b77ad0ab9d135662	/raphael/Series/BoJack Horseman/Season 01	/raphael/Animações/BoJack Horseman/Season 01
6aadc22ab77ad0ab9d135663	/raphael/Series/BoJack Horseman/Season 01	/raphael/Animações/BoJack Horseman/Season 01
6aadc253b77ad0ab9d135664	/raphael/Series/BoJack Horseman/Season 01	/raphael/Animações/BoJack Horseman/Season 01
6aadc27cb77ad0ab9d135665	/raphael/Series/BoJack Horseman/Season 01	/raphael/Animações/BoJack Horseman/Season 01
6aadc2abb77ad0ab9d135666	/raphael/Series/BoJack Horseman/Season 01	/raphael/Animações/BoJack Horseman/Season 01
6aadc2d4b77ad0ab9d135667	/raphael/Series/BoJack Horseman/Season 01	/raphael/Animações/BoJack Horseman/Season 01
6aadc300b77ad0ab9d135669	/raphael/Series/BoJack Horseman/Season 02	/raphael/Animações/BoJack Horseman/Season 02
6aadc331b77ad0ab9d13566a	/raphael/Series/BoJack Horseman/Season 02	/raphael/Animações/BoJack Horseman/Season 02
6aadc35ab77ad0ab9d13566b	/raphael/Series/BoJack Horseman/Season 02	/raphael/Animações/BoJack Horseman/Season 02
6aadc385b77ad0ab9d13566c	/raphael/Series/BoJack Horseman/Season 02	/raphael/Animações/BoJack Horseman/Season 02
6aadc3b9b77ad0ab9d13566d	/raphael/Series/BoJack Horseman/Season 02	/raphael/Animações/BoJack Horseman/Season 02
6aadc3e1b77ad0ab9d13566e	/raphael/Series/BoJack Horseman/Season 02	/raphael/Animações/BoJack Horseman/Season 02
6aadc40cb77ad0ab9d13566f	/raphael/Series/BoJack Horseman/Season 02	/raphael/Animações/BoJack Horseman/Season 02
6aadc441b77ad0ab9d135670	/raphael/Series/BoJack Horseman/Season 02	/raphael/Animações/BoJack Horseman/Season 02
6aadc46bb77ad0ab9d135671	/raphael/Series/BoJack Horseman/Season 02	/raphael/Animações/BoJack Horseman/Season 02
6aadc498b77ad0ab9d135672	/raphael/Series/BoJack Horseman/Season 02	/raphael/Animações/BoJack Horseman/Season 02
6aadc4ccb77ad0ab9d135673	/raphael/Series/BoJack Horseman/Season 02	/raphael/Animações/BoJack Horseman/Season 02
6aadc4fab77ad0ab9d135674	/raphael/Series/BoJack Horseman/Season 02	/raphael/Animações/BoJack Horseman/Season 02
6aadc538b77ad0ab9d135676	/raphael/Series/BoJack Horseman/Season 03	/raphael/Animações/BoJack Horseman/Season 03
6aadc564b77ad0ab9d135677	/raphael/Series/BoJack Horseman/Season 03	/raphael/Animações/BoJack Horseman/Season 03
6aadc592b77ad0ab9d135678	/raphael/Series/BoJack Horseman/Season 03	/raphael/Animações/BoJack Horseman/Season 03
6aadc5c0b77ad0ab9d135679	/raphael/Series/BoJack Horseman/Season 03	/raphael/Animações/BoJack Horseman/Season 03
6aadc5f3b77ad0ab9d13567a	/raphael/Series/BoJack Horseman/Season 03	/raphael/Animações/BoJack Horseman/Season 03
6aadc61db77ad0ab9d13567b	/raphael/Series/BoJack Horseman/Season 03	/raphael/Animações/BoJack Horseman/Season 03
6aadc648b77ad0ab9d13567c	/raphael/Series/BoJack Horseman/Season 03	/raphael/Animações/BoJack Horseman/Season 03
6aadc67eb77ad0ab9d13567d	/raphael/Series/BoJack Horseman/Season 03	/raphael/Animações/BoJack Horseman/Season 03
6aadc762b77ad0ab9d13567f	/raphael/Series/BoJack Horseman/Season 03	/raphael/Animações/BoJack Horseman/Season 03
6aadc78fb77ad0ab9d135680	/raphael/Series/BoJack Horseman/Season 03	/raphael/Animações/BoJack Horseman/Season 03
6aadce6f377cedc7cdfa4bf9	/raphael/Series/BoJack Horseman/Season 03	/raphael/Animações/BoJack Horseman/Season 03
6aaeb3bb2d6a320f5fb52876	6a8b7f8f5a0928dc05f6f3a9	6ab323c82875153c5d9ea6c5
6aaeb3c22d6a320f5fb528b7	6a8b7f8f5a0928dc05f6f3a9	6ab323c82875153c5d9ea6c5
6aaeb3c42d6a320f5fb528c8	6a8b7f8f5a0928dc05f6f3a9	6ab323c82875153c5d9ea6c5
6aaeb3c52d6a320f5fb528d7	6a8b7f8f5a0928dc05f6f3a9	6ab323c82875153c5d9ea6c5
6aaeb3c72d6a320f5fb528eb	6a8b7f8f5a0928dc05f6f3a9	6ab323c82875153c5d9ea6c5
6ab07a1fb04b288fb4b274ca	6a8b7f8f5a0928dc05f6f3a9	6ab323c82875153c5d9ea6c5
6aaeb3c92d6a320f5fb528fd	6a8b7f8f5a0928dc05f6f3a9	6ab323c82875153c5d9ea6c5
6ab07b74b04b288fb4b276fc	6a8b7f8f5a0928dc05f6f3a9	6ab323c82875153c5d9ea6c5
6ab07e7fb04b288fb4b27b39	6a8b7f8f5a0928dc05f6f3a9	6ab323c82875153c5d9ea6c5
6aafb551f7690c13ea8037f5	6a8b7f8f5a0928dc05f6f3a9	6ab323c82875153c5d9ea6c5
6ab07df0b04b288fb4b27a48	6a8b7f8f5a0928dc05f6f3a9	6ab323c82875153c5d9ea6c5
6ab07adab04b288fb4b2761f	6a8b7f8f5a0928dc05f6f3a9	6ab323c82875153c5d9ea6c5
6ab0848be72bf158295f13db	6a8b7f8f5a0928dc05f6f3a9	6ab323c82875153c5d9ea6c5
6ab081eee72bf158295f0f21	6a8b7f8f5a0928dc05f6f3a9	6ab323c82875153c5d9ea6c5
6aaeb3e92d6a320f5fb529c6	6a8b7f8f5a0928dc05f6f3a9	6ab323c82875153c5d9ea6c5
6aafb634f7690c13ea8039fa	6a8b7f8f5a0928dc05f6f3a9	6ab323c82875153c5d9ea6c5
6ab07c71b04b288fb4b27834	6a8b7f8f5a0928dc05f6f3a9	6ab323c82875153c5d9ea6c5
6ab0a64e72526d991c7b4fff	6a8b7f8f5a0928dc05f6f3a9	6ab323c82875153c5d9ea6c5
6ab07c91b04b288fb4b27868	6a8b7f8f5a0928dc05f6f3a9	6ab323c82875153c5d9ea6c5
6aaeb3d52d6a320f5fb5296b	6a8b7f8f5a0928dc05f6f3a9	6ab323c82875153c5d9ea6c5
6ab07cb4b04b288fb4b278a5	6a8b7f8f5a0928dc05f6f3a9	6ab323c82875153c5d9ea6c5
6ab083c8e72bf158295f124b	6a8b7f8f5a0928dc05f6f3a9	6ab323c82875153c5d9ea6c5
6aaeb3d52d6a320f5fb5296e	6a8b7f8f5a0928dc05f6f3a9	6ab323c82875153c5d9ea6c5
6ab08357e72bf158295f117a	6a8b7f8f5a0928dc05f6f3a9	6ab323c82875153c5d9ea6c5
6aafb751f7690c13ea803c82	6a8b7f8f5a0928dc05f6f3a9	6ab323c82875153c5d9ea6c5
6aaeb3e02d6a320f5fb529a4	6a8b7f8f5a0928dc05f6f3a9	6ab323c82875153c5d9ea6c5
6ab084b7e72bf158295f143c	6a8b7f8f5a0928dc05f6f3a9	6ab323c82875153c5d9ea6c5
6ab07ffeb04b288fb4b27d4d	6a8b7f8f5a0928dc05f6f3a9	6ab323c82875153c5d9ea6c5
6ab0b51d52448e411cfcea05	/raphael/Series/Cat's Eye (2025)/Season 01	/raphael/Animações/Cat's Eye (2025)/Season 01
6ab0b55052448e411cfcea06	/raphael/Series/Cat's Eye (2025)/Season 01	/raphael/Animações/Cat's Eye (2025)/Season 01
6ab0b58252448e411cfcea07	/raphael/Series/Cat's Eye (2025)/Season 01	/raphael/Animações/Cat's Eye (2025)/Season 01
6ab0b5bf52448e411cfcea08	/raphael/Series/Cat's Eye (2025)/Season 01	/raphael/Animações/Cat's Eye (2025)/Season 01
6ab0b60e52448e411cfcea09	/raphael/Series/Cat's Eye (2025)/Season 01	/raphael/Animações/Cat's Eye (2025)/Season 01
6ab0b67c52448e411cfcea0a	/raphael/Series/Cat's Eye (2025)/Season 01	/raphael/Animações/Cat's Eye (2025)/Season 01
6ab0b6aa52448e411cfcea0b	/raphael/Series/Cat's Eye (2025)/Season 01	/raphael/Animações/Cat's Eye (2025)/Season 01
6ab0b6d752448e411cfcea0c	/raphael/Series/Cat's Eye (2025)/Season 01	/raphael/Animações/Cat's Eye (2025)/Season 01
6ab0b70c52448e411cfcea0d	/raphael/Series/Cat's Eye (2025)/Season 01	/raphael/Animações/Cat's Eye (2025)/Season 01
6ab0b73952448e411cfcea0e	/raphael/Series/Cat's Eye (2025)/Season 01	/raphael/Animações/Cat's Eye (2025)/Season 01
6ab0826be72bf158295f0ffc	6a8b7f8f5a0928dc05f6f3a9	6ab323c82875153c5d9ea6c5
6aaeb3e72d6a320f5fb529bc	6a8b7f8f5a0928dc05f6f3a9	6ab323c82875153c5d9ea6c5
6aaeb3ee2d6a320f5fb529e3	6a8b7f8f5a0928dc05f6f3a9	6ab323c82875153c5d9ea6c5
6ab0878be72bf158295f18c3	6a8b7f8f5a0928dc05f6f3a9	6ab323c82875153c5d9ea6c5
6ab08332e72bf158295f1125	6a8b7f8f5a0928dc05f6f3a9	6ab323c82875153c5d9ea6c5
6ab084bde72bf158295f144d	6a8b7f8f5a0928dc05f6f3a9	6ab323c82875153c5d9ea6c5
6ab0829be72bf158295f1067	6a8b7f8f5a0928dc05f6f3a9	6ab323c82875153c5d9ea6c5
6ab08447e72bf158295f1348	6a8b7f8f5a0928dc05f6f3a9	6ab323c82875153c5d9ea6c5
6ab08454e72bf158295f1362	6a8b7f8f5a0928dc05f6f3a9	6ab323c82875153c5d9ea6c5
6aafc0dbf7690c13ea805020	6a8b7f8f5a0928dc05f6f3a9	6ab323c82875153c5d9ea6c5
6ab08536e72bf158295f14f5	6a8b7f8f5a0928dc05f6f3a9	6ab323c82875153c5d9ea6c5
6ab084e0e72bf158295f1479	6a8b7f8f5a0928dc05f6f3a9	6ab323c82875153c5d9ea6c5
6aaeb4282d6a320f5fb52a99	6a8b7f8f5a0928dc05f6f3a9	6ab323c82875153c5d9ea6c5
6ab085b1e72bf158295f15b5	6a8b7f8f5a0928dc05f6f3a9	6ab323c82875153c5d9ea6c5
6ab08516e72bf158295f14a9	6a8b7f8f5a0928dc05f6f3a9	6ab323c82875153c5d9ea6c5
6aafbccef7690c13ea8047d9	6a8b7f8f5a0928dc05f6f3a9	6ab323c82875153c5d9ea6c5
6aaeb42f2d6a320f5fb52ac6	6a8b7f8f5a0928dc05f6f3a9	6ab323c82875153c5d9ea6c5
6ab085e4e72bf158295f160d	6a8b7f8f5a0928dc05f6f3a9	6ab323c82875153c5d9ea6c5
6aaeb4332d6a320f5fb52ae2	6a8b7f8f5a0928dc05f6f3a9	6ab323c82875153c5d9ea6c5
6ab0099ef7690c13ea80cdd8	6a8b7f8f5a0928dc05f6f3a9	6ab323c82875153c5d9ea6c5
6ab1ba4b2542ff651801f51c	6a8b7f8f5a0928dc05f6f3a9	6ab323c82875153c5d9ea6c5
6ab0a60772526d991c7b4f0c	6a8b7f8f5a0928dc05f6f3a9	6ab323c82875153c5d9ea6c5
6aafc066f7690c13ea804efb	6a8b7f8f5a0928dc05f6f3a9	6ab323c82875153c5d9ea6c5
6ab01918f7690c13ea80e2af	6a8b7f8f5a0928dc05f6f3a9	6ab323c82875153c5d9ea6c5
6aafc0e3f7690c13ea805039	6a8b7f8f5a0928dc05f6f3a9	6ab323c82875153c5d9ea6c5
6aafc108f7690c13ea80507c	6a8b7f8f5a0928dc05f6f3a9	6ab323c82875153c5d9ea6c5
6aafc110f7690c13ea80508a	6a8b7f8f5a0928dc05f6f3a9	6ab323c82875153c5d9ea6c5
6aafc344f7690c13ea80553f	6a8b7f8f5a0928dc05f6f3a9	6ab323c82875153c5d9ea6c5
6aafc45ef7690c13ea80580a	6a8b7f8f5a0928dc05f6f3a9	6ab323c82875153c5d9ea6c5
6aaef263f7690c13ea7ffe12	6a8b7f8f5a0928dc05f6f3a9	6ab323c82875153c5d9ea6c5
6aafc3f2f7690c13ea8056fe	6a8b7f8f5a0928dc05f6f3a9	6ab323c82875153c5d9ea6c5
6aafc3d2f7690c13ea8056b8	6a8b7f8f5a0928dc05f6f3a9	6ab323c82875153c5d9ea6c5
6aafc406f7690c13ea80572e	6a8b7f8f5a0928dc05f6f3a9	6ab323c82875153c5d9ea6c5
6aafc43bf7690c13ea8057b0	6a8b7f8f5a0928dc05f6f3a9	6ab323c82875153c5d9ea6c5
6aafc6b9f7690c13ea805cf4	6a8b7f8f5a0928dc05f6f3a9	6ab323c82875153c5d9ea6c5
6aafc304f7690c13ea8054b0	6a8b7f8f5a0928dc05f6f3a9	6ab323c82875153c5d9ea6c5
6aafc530f7690c13ea80599b	6a8b7f8f5a0928dc05f6f3a9	6ab323c82875153c5d9ea6c5
6aafc3aaf7690c13ea805648	6a8b7f8f5a0928dc05f6f3a9	6ab323c82875153c5d9ea6c5
6aafc54bf7690c13ea8059e5	6a8b7f8f5a0928dc05f6f3a9	6ab323c82875153c5d9ea6c5
6ab2fe993a71e9ccd7e9fd04	6a8b7f8f5a0928dc05f6f3a9	6ab323c82875153c5d9ea6c5
6aafc6a3f7690c13ea805cb8	6a8b7f8f5a0928dc05f6f3a9	6ab323c82875153c5d9ea6c5
6aafc488f7690c13ea80586e	6a8b7f8f5a0928dc05f6f3a9	6ab323c82875153c5d9ea6c5
6aafc523f7690c13ea805981	6a8b7f8f5a0928dc05f6f3a9	6ab323c82875153c5d9ea6c5
6aafc7bff7690c13ea805e23	6a8b7f8f5a0928dc05f6f3a9	6ab323c82875153c5d9ea6c5
6aafc46ef7690c13ea805836	6a8b7f8f5a0928dc05f6f3a9	6ab323c82875153c5d9ea6c5
6aafc657f7690c13ea805bfd	6a8b7f8f5a0928dc05f6f3a9	6ab323c82875153c5d9ea6c5
6aafc937f7690c13ea806171	6a8b7f8f5a0928dc05f6f3a9	6ab323c82875153c5d9ea6c5
6aafc951f7690c13ea8061b0	6a8b7f8f5a0928dc05f6f3a9	6ab323c82875153c5d9ea6c5
6aafc7aff7690c13ea805df1	6a8b7f8f5a0928dc05f6f3a9	6ab323c82875153c5d9ea6c5
6aafc8e8f7690c13ea8060b0	6a8b7f8f5a0928dc05f6f3a9	6ab323c82875153c5d9ea6c5
6aafcb1ef7690c13ea806508	6a8b7f8f5a0928dc05f6f3a9	6ab323c82875153c5d9ea6c5
6aafccb8f7690c13ea806885	6a8b7f8f5a0928dc05f6f3a9	6ab323c82875153c5d9ea6c5
6aafca45f7690c13ea806353	6a8b7f8f5a0928dc05f6f3a9	6ab323c82875153c5d9ea6c5
6aafcf3af7690c13ea806db1	6a8b7f8f5a0928dc05f6f3a9	6ab323c82875153c5d9ea6c5
6aafd159f7690c13ea8071e1	6a8b7f8f5a0928dc05f6f3a9	6ab323c82875153c5d9ea6c5
6aafcb4df7690c13ea80656f	6a8b7f8f5a0928dc05f6f3a9	6ab323c82875153c5d9ea6c5
6aafd117f7690c13ea807143	6a8b7f8f5a0928dc05f6f3a9	6ab323c82875153c5d9ea6c5
6aafd3c7f7690c13ea807615	6a8b7f8f5a0928dc05f6f3a9	6ab323c82875153c5d9ea6c5
6aaff097f7690c13ea80a801	6a8b7f8f5a0928dc05f6f3a9	6ab323c82875153c5d9ea6c5
6aafcfb5f7690c13ea806eb5	6a8b7f8f5a0928dc05f6f3a9	6ab323c82875153c5d9ea6c5
6aafd076f7690c13ea807009	6a8b7f8f5a0928dc05f6f3a9	6ab323c82875153c5d9ea6c5
6ab04810df06776bfe0b6342	6a8b7f8f5a0928dc05f6f3a9	6ab323c82875153c5d9ea6c5
6aafd086f7690c13ea80702d	6a8b7f8f5a0928dc05f6f3a9	6ab323c82875153c5d9ea6c5
6aafd08df7690c13ea80703c	6a8b7f8f5a0928dc05f6f3a9	6ab323c82875153c5d9ea6c5
6aafd4cdf7690c13ea8077fb	6a8b7f8f5a0928dc05f6f3a9	6ab323c82875153c5d9ea6c5
6ab0481bdf06776bfe0b6359	6a8b7f8f5a0928dc05f6f3a9	6ab323c82875153c5d9ea6c5
6aafd7d1f7690c13ea807db0	6a8b7f8f5a0928dc05f6f3a9	6ab323c82875153c5d9ea6c5
6aafdb7af7690c13ea80843e	6a8b7f8f5a0928dc05f6f3a9	6ab323c82875153c5d9ea6c5
6aafd88ef7690c13ea807f1e	6a8b7f8f5a0928dc05f6f3a9	6ab323c82875153c5d9ea6c5
6a8ca046765a5b992ed9ba0b	/raphael/Series	6ab323c82875153c5d9ea6c5
6a8c82cc958b8f07104f231a	/raphael/Series/Hell's Paradise/Season 02	/raphael/Animações/Hell's Paradise/Season 02
6a8ca046765a5b992ed9ba0c	/raphael/Series/Hell's Paradise	/raphael/Animações/Hell's Paradise
6aafde04f7690c13ea8088b4	6a8b7f8f5a0928dc05f6f3a9	6ab323c82875153c5d9ea6c5
6ab045c0df06776bfe0b5f2b	6a8b7f8f5a0928dc05f6f3a9	6ab323c82875153c5d9ea6c5
6aafd7b2f7690c13ea807d7a	6a8b7f8f5a0928dc05f6f3a9	6ab323c82875153c5d9ea6c5
6aafd7f8f7690c13ea807e09	6a8b7f8f5a0928dc05f6f3a9	6ab323c82875153c5d9ea6c5
6ab045d2df06776bfe0b5f50	6a8b7f8f5a0928dc05f6f3a9	6ab323c82875153c5d9ea6c5
6ab045ccdf06776bfe0b5f42	6a8b7f8f5a0928dc05f6f3a9	6ab323c82875153c5d9ea6c5
6aafdde5f7690c13ea80887d	6a8b7f8f5a0928dc05f6f3a9	6ab323c82875153c5d9ea6c5
6aafdf90f7690c13ea808b6b	6a8b7f8f5a0928dc05f6f3a9	6ab323c82875153c5d9ea6c5
6aafdd4af7690c13ea808763	6a8b7f8f5a0928dc05f6f3a9	6ab323c82875153c5d9ea6c5
6aafdd74f7690c13ea8087aa	6a8b7f8f5a0928dc05f6f3a9	6ab323c82875153c5d9ea6c5
6aafdfe6f7690c13ea808c04	6a8b7f8f5a0928dc05f6f3a9	6ab323c82875153c5d9ea6c5
6aafe440f7690c13ea809323	6a8b7f8f5a0928dc05f6f3a9	6ab323c82875153c5d9ea6c5
6aafdfc1f7690c13ea808bc4	6a8b7f8f5a0928dc05f6f3a9	6ab323c82875153c5d9ea6c5
6aafdfd2f7690c13ea808bdf	6a8b7f8f5a0928dc05f6f3a9	6ab323c82875153c5d9ea6c5
6aafe705f7690c13ea80983a	6a8b7f8f5a0928dc05f6f3a9	6ab323c82875153c5d9ea6c5
6aafe2d3f7690c13ea8090cf	6a8b7f8f5a0928dc05f6f3a9	6ab323c82875153c5d9ea6c5
6aafe029f7690c13ea808c87	6a8b7f8f5a0928dc05f6f3a9	6ab323c82875153c5d9ea6c5
6aafe3f8f7690c13ea80929b	6a8b7f8f5a0928dc05f6f3a9	6ab323c82875153c5d9ea6c5
6aafe9c4f7690c13ea809cf3	6a8b7f8f5a0928dc05f6f3a9	6ab323c82875153c5d9ea6c5
6aafe6aaf7690c13ea809771	6a8b7f8f5a0928dc05f6f3a9	6ab323c82875153c5d9ea6c5
6aafe69cf7690c13ea80974d	6a8b7f8f5a0928dc05f6f3a9	6ab323c82875153c5d9ea6c5
6aafe69ef7690c13ea809754	6a8b7f8f5a0928dc05f6f3a9	6ab323c82875153c5d9ea6c5
6aafec3ff7690c13ea80a0f2	6a8b7f8f5a0928dc05f6f3a9	6ab323c82875153c5d9ea6c5
6aafe657f7690c13ea8096ae	6a8b7f8f5a0928dc05f6f3a9	6ab323c82875153c5d9ea6c5
6aafea51f7690c13ea809dea	6a8b7f8f5a0928dc05f6f3a9	6ab323c82875153c5d9ea6c5
6aafe773f7690c13ea8098ea	6a8b7f8f5a0928dc05f6f3a9	6ab323c82875153c5d9ea6c5
6aafe790f7690c13ea809922	6a8b7f8f5a0928dc05f6f3a9	6ab323c82875153c5d9ea6c5
6aaf8c6af7690c13ea8000f3	6a8b7f8f5a0928dc05f6f3a9	6ab323c82875153c5d9ea6c5
6aaff001f7690c13ea80a724	6a8b7f8f5a0928dc05f6f3a9	6ab323c82875153c5d9ea6c5
6aafece4f7690c13ea80a223	6a8b7f8f5a0928dc05f6f3a9	6ab323c82875153c5d9ea6c5
6aafefdcf7690c13ea80a6e0	6a8b7f8f5a0928dc05f6f3a9	6ab323c82875153c5d9ea6c5
6aaff34af7690c13ea80abe7	6a8b7f8f5a0928dc05f6f3a9	6ab323c82875153c5d9ea6c5
6aafee73f7690c13ea80a4a4	6a8b7f8f5a0928dc05f6f3a9	6ab323c82875153c5d9ea6c5
6ab00b32f7690c13ea80d022	6a8b7f8f5a0928dc05f6f3a9	6ab323c82875153c5d9ea6c5
6aafef66f7690c13ea80a636	6a8b7f8f5a0928dc05f6f3a9	6ab323c82875153c5d9ea6c5
6aafefa0f7690c13ea80a686	6a8b7f8f5a0928dc05f6f3a9	6ab323c82875153c5d9ea6c5
6ab04629df06776bfe0b6006	6a8b7f8f5a0928dc05f6f3a9	6ab323c82875153c5d9ea6c5
6aafefe8f7690c13ea80a6fb	6a8b7f8f5a0928dc05f6f3a9	6ab323c82875153c5d9ea6c5
6aaff8b9f7690c13ea80b44d	6a8b7f8f5a0928dc05f6f3a9	6ab323c82875153c5d9ea6c5
6aaff6f0f7690c13ea80b17f	6a8b7f8f5a0928dc05f6f3a9	6ab323c82875153c5d9ea6c5
6aaff494f7690c13ea80ae00	6a8b7f8f5a0928dc05f6f3a9	6ab323c82875153c5d9ea6c5
6aaff7aff7690c13ea80b2a9	6a8b7f8f5a0928dc05f6f3a9	6ab323c82875153c5d9ea6c5
6aaff291f7690c13ea80aac8	6a8b7f8f5a0928dc05f6f3a9	6ab323c82875153c5d9ea6c5
6aaff34ff7690c13ea80abef	6a8b7f8f5a0928dc05f6f3a9	6ab323c82875153c5d9ea6c5
6aaff916f7690c13ea80b4ec	6a8b7f8f5a0928dc05f6f3a9	6ab323c82875153c5d9ea6c5
6aaff3f2f7690c13ea80ad11	6a8b7f8f5a0928dc05f6f3a9	6ab323c82875153c5d9ea6c5
6aaffabaf7690c13ea80b785	6a8b7f8f5a0928dc05f6f3a9	6ab323c82875153c5d9ea6c5
6aaffc74f7690c13ea80ba29	6a8b7f8f5a0928dc05f6f3a9	6ab323c82875153c5d9ea6c5
6aaff783f7690c13ea80b259	6a8b7f8f5a0928dc05f6f3a9	6ab323c82875153c5d9ea6c5
6aaff7a0f7690c13ea80b28d	6a8b7f8f5a0928dc05f6f3a9	6ab323c82875153c5d9ea6c5
6aaffbccf7690c13ea80b921	6a8b7f8f5a0928dc05f6f3a9	6ab323c82875153c5d9ea6c5
6aaffe45f7690c13ea80bcf4	6a8b7f8f5a0928dc05f6f3a9	6ab323c82875153c5d9ea6c5
6aaffb02f7690c13ea80b7f9	6a8b7f8f5a0928dc05f6f3a9	6ab323c82875153c5d9ea6c5
6ab001a2f7690c13ea80c210	6a8b7f8f5a0928dc05f6f3a9	6ab323c82875153c5d9ea6c5
6aaffc2ff7690c13ea80b9ad	6a8b7f8f5a0928dc05f6f3a9	6ab323c82875153c5d9ea6c5
6aaffd8ff7690c13ea80bbe2	6a8b7f8f5a0928dc05f6f3a9	6ab323c82875153c5d9ea6c5
6aaffdbdf7690c13ea80bc22	6a8b7f8f5a0928dc05f6f3a9	6ab323c82875153c5d9ea6c5
6ab046bddf06776bfe0b6104	6a8b7f8f5a0928dc05f6f3a9	6ab323c82875153c5d9ea6c5
6ab00084f7690c13ea80c048	6a8b7f8f5a0928dc05f6f3a9	6ab323c82875153c5d9ea6c5
6aafff7ff7690c13ea80bed1	6a8b7f8f5a0928dc05f6f3a9	6ab323c82875153c5d9ea6c5
6ab00604f7690c13ea80c847	6a8b7f8f5a0928dc05f6f3a9	6ab323c82875153c5d9ea6c5
6ab00635f7690c13ea80c88f	6a8b7f8f5a0928dc05f6f3a9	6ab323c82875153c5d9ea6c5
6ab00374f7690c13ea80c4ce	6a8b7f8f5a0928dc05f6f3a9	6ab323c82875153c5d9ea6c5
6aaefffff7690c13ea7ffe64	6a8b7f8f5a0928dc05f6f3a9	6ab323c82875153c5d9ea6c5
6ab0029bf7690c13ea80c370	6a8b7f8f5a0928dc05f6f3a9	6ab323c82875153c5d9ea6c5
6ab00316f7690c13ea80c436	6a8b7f8f5a0928dc05f6f3a9	6ab323c82875153c5d9ea6c5
6ab00452f7690c13ea80c5d8	6a8b7f8f5a0928dc05f6f3a9	6ab323c82875153c5d9ea6c5
6ab0077ff7690c13ea80ca7c	6a8b7f8f5a0928dc05f6f3a9	6ab323c82875153c5d9ea6c5
6ab0076df7690c13ea80ca61	6a8b7f8f5a0928dc05f6f3a9	6ab323c82875153c5d9ea6c5
6ab00638f7690c13ea80c895	6a8b7f8f5a0928dc05f6f3a9	6ab323c82875153c5d9ea6c5
6ab0083af7690c13ea80cbb7	6a8b7f8f5a0928dc05f6f3a9	6ab323c82875153c5d9ea6c5
6ab00661f7690c13ea80c8d4	6a8b7f8f5a0928dc05f6f3a9	6ab323c82875153c5d9ea6c5
6ab00815f7690c13ea80cb77	6a8b7f8f5a0928dc05f6f3a9	6ab323c82875153c5d9ea6c5
6ab00706f7690c13ea80c9cb	6a8b7f8f5a0928dc05f6f3a9	6ab323c82875153c5d9ea6c5
6ab008ebf7690c13ea80ccd6	6a8b7f8f5a0928dc05f6f3a9	6ab323c82875153c5d9ea6c5
6aaf8d18f7690c13ea800262	6a8b7f8f5a0928dc05f6f3a9	6ab323c82875153c5d9ea6c5
6ab007bdf7690c13ea80cae5	6a8b7f8f5a0928dc05f6f3a9	6ab323c82875153c5d9ea6c5
6ab00b29f7690c13ea80d016	6a8b7f8f5a0928dc05f6f3a9	6ab323c82875153c5d9ea6c5
6ab009d7f7690c13ea80ce2f	6a8b7f8f5a0928dc05f6f3a9	6ab323c82875153c5d9ea6c5
6ab00bacf7690c13ea80d0d0	6a8b7f8f5a0928dc05f6f3a9	6ab323c82875153c5d9ea6c5
6ab00becf7690c13ea80d112	6a8b7f8f5a0928dc05f6f3a9	6ab323c82875153c5d9ea6c5
6ab04741df06776bfe0b61b3	6a8b7f8f5a0928dc05f6f3a9	6ab323c82875153c5d9ea6c5
6ab00bf5f7690c13ea80d11c	6a8b7f8f5a0928dc05f6f3a9	6ab323c82875153c5d9ea6c5
6ab01247f7690c13ea80d9c6	6a8b7f8f5a0928dc05f6f3a9	6ab323c82875153c5d9ea6c5
6ab00f20f7690c13ea80d54a	6a8b7f8f5a0928dc05f6f3a9	6ab323c82875153c5d9ea6c5
6ab00f31f7690c13ea80d562	6a8b7f8f5a0928dc05f6f3a9	6ab323c82875153c5d9ea6c5
6ab0474adf06776bfe0b61cc	6a8b7f8f5a0928dc05f6f3a9	6ab323c82875153c5d9ea6c5
6ab0142cf7690c13ea80dc55	6a8b7f8f5a0928dc05f6f3a9	6ab323c82875153c5d9ea6c5
6aadf6f01232e063d02816ff	6a8b7f8f5a0928dc05f6f3a9	6ab323c82875153c5d9ea6c5
6ab0537adf06776bfe0b77d8	6a8b7f8f5a0928dc05f6f3a9	6ab323c82875153c5d9ea6c5
6ab0537adf06776bfe0b77da	/raphael/Series/RILAKKUMA (2026)/Season 01	/raphael/Animações/RILAKKUMA (2026)/Season 01
6ab05397df06776bfe0b782f	/raphael/Series/RILAKKUMA (2026)/Season 01	/raphael/Animações/RILAKKUMA (2026)/Season 01
6ab053abdf06776bfe0b7867	/raphael/Series/RILAKKUMA (2026)/Season 01	/raphael/Animações/RILAKKUMA (2026)/Season 01
6ab053dfdf06776bfe0b78c7	/raphael/Series/RILAKKUMA (2026)/Season 01	/raphael/Animações/RILAKKUMA (2026)/Season 01
6ab053f4df06776bfe0b7900	/raphael/Series/RILAKKUMA (2026)/Season 01	/raphael/Animações/RILAKKUMA (2026)/Season 01
6ab05411df06776bfe0b7930	/raphael/Series/RILAKKUMA (2026)/Season 01	/raphael/Animações/RILAKKUMA (2026)/Season 01
6ab0542bdf06776bfe0b7958	/raphael/Series/RILAKKUMA (2026)/Season 01	/raphael/Animações/RILAKKUMA (2026)/Season 01
6ab05474df06776bfe0b79a7	/raphael/Series/RILAKKUMA (2026)/Season 01	/raphael/Animações/RILAKKUMA (2026)/Season 01
6ab054f2df06776bfe0b7a99	/raphael/Series/RILAKKUMA (2026)/Season 01	/raphael/Animações/RILAKKUMA (2026)/Season 01
6ab05534df06776bfe0b7ad3	/raphael/Series/RILAKKUMA (2026)/Season 01	/raphael/Animações/RILAKKUMA (2026)/Season 01
6ab0555cdf06776bfe0b7b0e	/raphael/Series/RILAKKUMA (2026)/Season 01	/raphael/Animações/RILAKKUMA (2026)/Season 01
6ab05585df06776bfe0b7b34	/raphael/Series/RILAKKUMA (2026)/Season 01	/raphael/Animações/RILAKKUMA (2026)/Season 01
6ab055a8df06776bfe0b7b73	/raphael/Series/RILAKKUMA (2026)/Season 01	/raphael/Animações/RILAKKUMA (2026)/Season 01
6ab055cadf06776bfe0b7bb0	/raphael/Series/RILAKKUMA (2026)/Season 01	/raphael/Animações/RILAKKUMA (2026)/Season 01
6ab055e4df06776bfe0b7bda	/raphael/Series/RILAKKUMA (2026)/Season 01	/raphael/Animações/RILAKKUMA (2026)/Season 01
6ab05601df06776bfe0b7c0c	/raphael/Series/RILAKKUMA (2026)/Season 01	/raphael/Animações/RILAKKUMA (2026)/Season 01
6ab05654df06776bfe0b7ca8	/raphael/Series/RILAKKUMA (2026)/Season 01	/raphael/Animações/RILAKKUMA (2026)/Season 01
6ab0567edf06776bfe0b7cf6	/raphael/Series/RILAKKUMA (2026)/Season 01	/raphael/Animações/RILAKKUMA (2026)/Season 01
6ab056f8df06776bfe0b7dd8	/raphael/Series/RILAKKUMA (2026)/Season 01	/raphael/Animações/RILAKKUMA (2026)/Season 01
6ab064ede112f40847cc82a6	/raphael/Series/RILAKKUMA (2026)/Season 01	/raphael/Animações/RILAKKUMA (2026)/Season 01
6ab01906f7690c13ea80e291	6a8b7f8f5a0928dc05f6f3a9	6ab323c82875153c5d9ea6c5
6ab018cdf7690c13ea80e247	6a8b7f8f5a0928dc05f6f3a9	6ab323c82875153c5d9ea6c5
6ab019b0f7690c13ea80e376	6a8b7f8f5a0928dc05f6f3a9	6ab323c82875153c5d9ea6c5
6ab01b57f7690c13ea80e5e4	6a8b7f8f5a0928dc05f6f3a9	6ab323c82875153c5d9ea6c5
6ab01b92f7690c13ea80e626	6a8b7f8f5a0928dc05f6f3a9	6ab323c82875153c5d9ea6c5
6ab02ca1df06776bfe0b2aab	6a8b7f8f5a0928dc05f6f3a9	6ab323c82875153c5d9ea6c5
6ab01da0f7690c13ea80e8a5	6a8b7f8f5a0928dc05f6f3a9	6ab323c82875153c5d9ea6c5
6ab02d8edf06776bfe0b2ca7	6a8b7f8f5a0928dc05f6f3a9	6ab323c82875153c5d9ea6c5
6ab02c6cdf06776bfe0b2a1f	6a8b7f8f5a0928dc05f6f3a9	6ab323c82875153c5d9ea6c5
6ab2aaad826be1ab36f499d1	6a8b7f8f5a0928dc05f6f3a9	6ab323c82875153c5d9ea6c5
6ab02df9df06776bfe0b2dd7	6a8b7f8f5a0928dc05f6f3a9	6ab323c82875153c5d9ea6c5
6ab02db4df06776bfe0b2d08	6a8b7f8f5a0928dc05f6f3a9	6ab323c82875153c5d9ea6c5
6ab02e8adf06776bfe0b2ecc	6a8b7f8f5a0928dc05f6f3a9	6ab323c82875153c5d9ea6c5
6ab02f5cdf06776bfe0b3050	6a8b7f8f5a0928dc05f6f3a9	6ab323c82875153c5d9ea6c5
6ab02f73df06776bfe0b3064	6a8b7f8f5a0928dc05f6f3a9	6ab323c82875153c5d9ea6c5
6ab02f79df06776bfe0b3070	6a8b7f8f5a0928dc05f6f3a9	6ab323c82875153c5d9ea6c5
6ab02dc5df06776bfe0b2d2f	6a8b7f8f5a0928dc05f6f3a9	6ab323c82875153c5d9ea6c5
6ab02de6df06776bfe0b2d9a	6a8b7f8f5a0928dc05f6f3a9	6ab323c82875153c5d9ea6c5
6ab03147df06776bfe0b347b	6a8b7f8f5a0928dc05f6f3a9	6ab323c82875153c5d9ea6c5
6ab03195df06776bfe0b350a	6a8b7f8f5a0928dc05f6f3a9	6ab323c82875153c5d9ea6c5
6ab0315edf06776bfe0b34ba	6a8b7f8f5a0928dc05f6f3a9	6ab323c82875153c5d9ea6c5
6ab031f2df06776bfe0b3589	6a8b7f8f5a0928dc05f6f3a9	6ab323c82875153c5d9ea6c5
6ab03207df06776bfe0b35b9	6a8b7f8f5a0928dc05f6f3a9	6ab323c82875153c5d9ea6c5
6ab04782df06776bfe0b622b	6a8b7f8f5a0928dc05f6f3a9	6ab323c82875153c5d9ea6c5
6ab04792df06776bfe0b6244	6a8b7f8f5a0928dc05f6f3a9	6ab323c82875153c5d9ea6c5
6ab030a9df06776bfe0b3370	6a8b7f8f5a0928dc05f6f3a9	6ab323c82875153c5d9ea6c5
6ab0302ddf06776bfe0b323f	6a8b7f8f5a0928dc05f6f3a9	6ab323c82875153c5d9ea6c5
6ab03299df06776bfe0b375f	6a8b7f8f5a0928dc05f6f3a9	6ab323c82875153c5d9ea6c5
6ab0303edf06776bfe0b326b	6a8b7f8f5a0928dc05f6f3a9	6ab323c82875153c5d9ea6c5
6ab03372df06776bfe0b39a4	6a8b7f8f5a0928dc05f6f3a9	6ab323c82875153c5d9ea6c5
6ab0331fdf06776bfe0b38d3	6a8b7f8f5a0928dc05f6f3a9	6ab323c82875153c5d9ea6c5
6ab047a2df06776bfe0b6262	6a8b7f8f5a0928dc05f6f3a9	6ab323c82875153c5d9ea6c5
6ab03370df06776bfe0b399e	6a8b7f8f5a0928dc05f6f3a9	6ab323c82875153c5d9ea6c5
6ab03285df06776bfe0b372a	6a8b7f8f5a0928dc05f6f3a9	6ab323c82875153c5d9ea6c5
6ab03352df06776bfe0b3947	6a8b7f8f5a0928dc05f6f3a9	6ab323c82875153c5d9ea6c5
6ab03461df06776bfe0b3af4	6a8b7f8f5a0928dc05f6f3a9	6ab323c82875153c5d9ea6c5
6ab0334edf06776bfe0b393d	6a8b7f8f5a0928dc05f6f3a9	6ab323c82875153c5d9ea6c5
6ab036b1df06776bfe0b3f7e	6a8b7f8f5a0928dc05f6f3a9	6ab323c82875153c5d9ea6c5
6ab034d3df06776bfe0b3bb1	6a8b7f8f5a0928dc05f6f3a9	6ab323c82875153c5d9ea6c5
6ab03718df06776bfe0b408a	6a8b7f8f5a0928dc05f6f3a9	6ab323c82875153c5d9ea6c5
6ab0371adf06776bfe0b4090	6a8b7f8f5a0928dc05f6f3a9	6ab323c82875153c5d9ea6c5
6ab03734df06776bfe0b40dc	6a8b7f8f5a0928dc05f6f3a9	6ab323c82875153c5d9ea6c5
6ab0389cdf06776bfe0b43e2	6a8b7f8f5a0928dc05f6f3a9	6ab323c82875153c5d9ea6c5
