Folder	ItemName	Lang	Ano	Generos
100 Coisas para Fazer Antes de Virar Zumbi	Batman: A Série Animada	en	1992	Action & Adventure|Animação|Drama|Mistério
100 Dias para Morar - Começando do Zero	Batman: A Série Animada	en	1992	Action & Adventure|Animação|Drama|Mistério
100 Namoradas Que Te Amam Muuuuuito	Batman: A Série Animada	en	1992	Action & Adventure|Animação|Drama|Mistério
190 - Inteligência Contra o Crime	Batman: A Série Animada	en	1992	Action & Adventure|Animação|Drama|Mistério
190 - O Assassino Ligou_	Batman: A Série Animada	en	1992	Action & Adventure|Animação|Drama|Mistério
1995 - No Tempo dos Badboys	Batman: A Série Animada	en	1992	Action & Adventure|Animação|Drama|Mistério
4 Contra o Apocalipse	4 Contra o Apocalipse	en	2019	Animação|Comédia|Sci-Fi & Fantasy
44 Gatos	44 Gatos	it	2018	Animação|Comédia|Kids|Action & Adventure|Família
86 Eighty-Six	86 EIGHTY-SIX	ja	2021	Animação|Action & Adventure|Sci-Fi & Fantasy|War & Politics
900 Dias Sem Anabel	Batman: A Série Animada	en	1992	Action & Adventure|Animação|Drama|Mistério
91 Days	91 Days	ja	2016	Animação|Crime|Drama
911 - Quando a Morte Chama	Batman: A Série Animada	en	1992	Action & Adventure|Animação|Drama|Mistério
A Árvore Familiar dos Croods	A Árvore Familiar dos Croods	en	2021	Animação|Família|Action & Adventure|Comédia|Kids
A Casa Coruja	A Casa Coruja	en	2020	Animação|Action & Adventure|Comédia|Sci-Fi & Fantasy|Família
A Casa do Mickey Mouse	A Casa do Mickey Mouse	en	2006	Kids|Animação|Comédia|Sci-Fi & Fantasy|Action & Adventure
A Casa Mágica da Gabby	A Casa Mágica da Gabby	en	2021	Kids|Comédia|Animação|Sci-Fi & Fantasy
A Concierge Pokémon	A Concierge Pokémon	ja	2023	Animação|Família
A Couple of Cuckoos	A Couple of Cuckoos	ja	2022	Animação|Comédia
A Família Radical	A Família Radical	en	2001	Animação|Comédia|Kids|Família
A Família Radical - Maior e Melhor	A Família Radical: Maior e Melhor	en	2022	Família|Animação|Comédia
A Festa da Salsicha - Comilândia	Festa da Salsicha: Comilândia	en	2024	Animação|Comédia|Action & Adventure|Sci-Fi & Fantasy
A Guarda do Leão	A Guarda do Leão	en	2016	Kids|Animação
A Lei de Milo Murphy	A Lei de Milo Murphy	en	2016	Animação|Kids|Família|Comédia
A Lenda de Vox Machina	A Lenda de Vox Machina	en	2022	Animação|Sci-Fi & Fantasy|Action & Adventure
A Luz do Futuro	A Luz do Futuro	ja	2026	Animação|Drama|Sci-Fi & Fantasy
A Mansão Foster para Amigos Imaginários	A Mansão Foster para Amigos Imaginários	en	2004	Kids|Animação|Família|Sci-Fi & Fantasy|Comédia
A Menina e o Porquinho	A Menina e o Porquinho	en	2025	Animação|Drama|Família
A Nova Escola do Imperador	A Nova Escola do Imperador	en	2006	Comédia|Kids|Animação|Sci-Fi & Fantasy
A Pequena Sereia	A Pequena Sereia	en	1992	Família|Animação|Kids|Sci-Fi & Fantasy
A Saga Wingfeather	A Saga Wingfeather	en	2022	Animação|Sci-Fi & Fantasy|Action & Adventure
A Sombra do Batman	A Sombra do Batman	en	2013	Action & Adventure|Animação|Kids
A Tia é Top	A Tia é Top	en	2021	Animação|Comédia
A Turma do Charlie Brown e Snoopy	A Turma do Charlie Brown e Snoopy	en	1983	Animação|Comédia
A Turma do Pateta	A Turma do Pateta	en	1992	Comédia|Kids|Animação
A Veterana Pitica da Firma	A Veterana Pitica da Firma	ja	2023	Animação|Comédia
A Vida de Dug	A Vida de Dug	en	2021	Animação|Comédia|Família
A Vida Moderna de Rocko	A Vida Moderna de Rocko	en	1993	Animação|Comédia|Kids
A Xerife Callie no Oeste	A Xerife Callie no Oeste	en	2013	Animação|Faroeste|Sci-Fi & Fantasy|Kids
Academia Unicórnio	Academia Unicórnio	en	2023	Animação|Kids|Sci-Fi & Fantasy|Action & Adventure|Comédia|Família
Academia Unicórnio - Segredos Revelados	Academia Unicórnio: Segredos Revelados	en	2026	Animação|Kids|Sci-Fi & Fantasy
Acampamento de Verão	Acampamento de Verão	en	2018	Animação|Comédia|Sci-Fi & Fantasy|Família
Acampamento Mágico	Acampamento Mágico	en	2026	Kids|Animação
Ace Attorney	Ace Attorney	ja	2016	Animação|Crime|Drama|Mistério
Ace of the Diamond	Ace of the Diamond	ja	2013	Animação
Acorda, Carlo!	Acorda, Carlo!	pt	2023	Action & Adventure|Animação
Active Raid	Active Raid: Kidou Kyoushuushitsu Dai Hachi Gakari	ja	2016	Animação|Action & Adventure|Crime
Ada Batista, cientista	Ada Batista, cientista	en	2021	Kids|Animação|Comédia|Família
Adachi to Shimamura	Adachi and Shimamura	ja	2020	Animação|Comédia|Drama
Adolepeixes	Adolepeixes	en	2010	Animação|Comédia|Kids
Agent P, Under C	Agente P. Disfarçado	en	2026	Action & Adventure|Família|Animação|Comédia
Agente Elvis	Agente Elvis	en	2023	Animação|Comédia|Action & Adventure
Agents of the Four Seasons - Dance of Spring	Agents of the Four Seasons: Dance of Spring	ja	2026	Animação|Drama|Sci-Fi & Fantasy
Aggretsuko	Aggretsuko	ja	2018	Animação|Comédia
Ajin	AJIN: Demi-Human	ja	2016	Animação|Action & Adventure|Mistério
Akame ga Kill	Akame ga Kill!	ja	2014	Animação|Drama|Action & Adventure
Akane-banashi	Akane-banashi	ja	2026	Animação|Drama
Akudama Drive	Akudama Drive	ja	2020	Animação|Mistério|Action & Adventure|Sci-Fi & Fantasy|Crime
Akuyaku Reijou nanode Last Boss wo Kattemimashita	I'm the Villainess, So I'm Taming the Final Boss	ja	2022	Animação|Comédia|Sci-Fi & Fantasy
Alien TV	Alien TV	en	2020	Animação|Comédia|Família|Kids
Alma-chan Wants to Be a Family!	Alma-chan Wants to Be a Family!	ja	2025	Animação|Comédia
Alvinnn!!! E os Esquilos	Alvinnn!!! E os Esquilos	en	2015	Animação|Comédia|Família|Kids
Alya Sometimes Hides Her Feelings in Russian	Alya Sometimes Hides Her Feelings in Russian	ja	2024	Animação|Comédia
American Dad!	American Dad!	en	2005	Animação|Comédia
Among Us	Among Us	en	2026	Animação|Comédia|Mistério|Sci-Fi & Fantasy
Amphibia	Amphibia	en	2019	Animação|Action & Adventure|Comédia|Sci-Fi & Fantasy|Família
Ana	Ana Pimentinha	en	1997	Animação|Comédia|Família|Kids
Angel Beats!	Angel Beats!	ja	2010	Animação|Comédia|Drama|Sci-Fi & Fantasy|Action & Adventure
Angels of Death	Angels of Death	ja	2018	Action & Adventure|Animação
Animals	Animals.	en	2016	Animação|Comédia
Animaniacs	Animaniacs	en	1993	Animação|Kids|Comédia|Família
Anne Shirley	Anne Shirley	ja	2025	Animação|Drama|Família
Another	Another	ja	2012	Animação|Drama|Mistério
Aoashi	Aoashi	ja	2022	Animação
Apenas Um Show	Apenas um Show	en	2010	Animação|Comédia|Action & Adventure|Sci-Fi & Fantasy
Apenas um Show - As Fitas Perdidas	Apenas um Show: As Fitas Perdidas	en	2026	Animação|Comédia|Action & Adventure|Sci-Fi & Fantasy
Appare-Ranman!	Appare-Ranman!	ja	2020	Animação|Action & Adventure
Aprendendo Com Disney Junior	Aprendendo Com Disney Junior	en	2019	Animação|Kids
Aqua Teen - Esquadrão Força Total	Aqua Teen: Esquadrão Força Total	en	2000	Animação|Comédia
Aquaman - Rei de Atlântida	Aquaman: Rei de Atlântida	en	2021	Animação|Action & Adventure|Comédia|Sci-Fi & Fantasy
Arcane	Arcane	en	2021	Animação|Action & Adventure|Sci-Fi & Fantasy
Arifureta Shokugyou de Sekai Saikyou	Arifureta: From Commonplace to World's Strongest	ja	2019	Animação|Action & Adventure|Sci-Fi & Fantasy
Arnold	Ei Arnold!	en	1996	Animação|Comédia|Drama|Família
As Aventuras de Chuck e Amigos	As aventuras de Chuck e amigos	en	2010	Animação|Kids
As Aventuras de Horton	As Aventuras de Horton	en	2025	Animação|Kids
As Aventuras de Jackie Chan	As Aventuras de Jackie Chan	en	2000	Action & Adventure|Animação|Comédia|Sci-Fi & Fantasy
As Aventuras do Gato de Botas	As Aventuras do Gato de Botas	en	2015	Animação|Comédia|Família|Kids
As Aventuras Escolhidas	As Aventuras Escolhidas	en	2025	Animação|Família|Kids|Drama
As Enroladas Aventuras da Rapunzel	As Enroladas Aventuras da Rapunzel	en	2017	Kids|Animação|Comédia
As Fabulosas Aventuras dos Freak Brothers	As Fabulosas Aventuras dos Freak Brothers	en	2021	Animação|Comédia
As Irmãs Grimm	As Irmãs Grimm	en	2025	Action & Adventure|Sci-Fi & Fantasy|Animação
As Lendas - Mestres dos Mitos	As Lendas: Mestres dos Mitos	es	2019	Animação|Action & Adventure
As Meninas Superpoderosas (2016)	As Meninas Superpoderosas	en	1998	Action & Adventure|Animação|Comédia|Kids|Família
As palavras	Barca de Palavras	ja	2016	Animação|Drama
As Tartarugas Ninjas	As Tartarugas Ninjas	en	2012	Kids|Animação|Action & Adventure|Sci-Fi & Fantasy|Comédia
As Terríveis Aventuras de Billy e Mandy	As Terríveis Aventuras de Billy e Mandy	en	2001	Animação|Comédia|Kids
As Trapalhadas de Flapjack	As Trapalhadas de Flapjack	en	2008	Animação|Comédia|Sci-Fi & Fantasy|Kids
Assassímio da Marvel	Assassímio da Marvel	en	2021	Animação|Action & Adventure
Assassination Classroom	Assassination Classroom	ja	2015	Animação|Comédia|Action & Adventure|Sci-Fi & Fantasy
Assim Falava Kishibe Rohan	Assim Falava Kishibe Rohan	ja	2017	Mistério|Animação
Astronauta	Astronauta	pt	2024	Animação|Sci-Fi & Fantasy|Action & Adventure|Drama
Atomic	Betty Atômica	en	2004	Animação|Sci-Fi & Fantasy|Action & Adventure|Kids
Attack on Titan	Attack on Titan	ja	2013	Animação|Sci-Fi & Fantasy|Action & Adventure
Avatar - A Lenda de Aang	Avatar: A Lenda de Aang	en	2005	Animação|Action & Adventure|Sci-Fi & Fantasy
Avatar - A Lenda De Korra	A Lenda de Korra	en	2012	Animação|Action & Adventure|Sci-Fi & Fantasy
Azur Lane	AZUR LANE	ja	2019	Action & Adventure|Sci-Fi & Fantasy|Animação
Baby Looney Tunes	Baby Looney Tunes	en	2002	Animação|Comédia|Kids
Back Arrow	Back Arrow	ja	2021	Animação|Action & Adventure|Sci-Fi & Fantasy
Baki - O Campeão	Baki - O Campeão	ja	2018	Animação|Action & Adventure|Crime|Drama
Baki Hanma	Baki Hanma	ja	2021	Animação|Action & Adventure|Sci-Fi & Fantasy
Banished from the Heroes Party	Scooped Up by an S-Rank Adventurer!	ja	2025	Animação|Action & Adventure|Sci-Fi & Fantasy
Barbie - Dreamhouse Adventures	Barbie: Dreamhouse Adventures	en	2018	Animação|Família|Kids|Comédia
Barbie Dreamhouse Adventures - Go Team Roberts	Barbie Dreamhouse Adventures: Go Team Roberts	en	2019	Animação|Família|Kids|Comédia
Bat-Família	Bat-Família	en	2025	Animação|Família
Batman - A Série Animada	Batman: A Série Animada	en	1992	Action & Adventure|Animação|Drama|Mistério
Batman - Cruzado Encapuzado	Batman: Cruzado Encapuzado	en	2024	Animação|Crime|Action & Adventure|Mistério
Batman - Os Bravos e Destemidos	Batman: Os Bravos e Destemidos	en	2008	Animação|Action & Adventure|Sci-Fi & Fantasy
Battle Game in 5 Seconds	Battle Game in 5 Seconds	ja	2021	Animação|Drama|Mistério|Action & Adventure|Sci-Fi & Fantasy
Batwheels	Batwheels	en	2022	Kids|Animação|Comédia
Baymax!	Baymax!	en	2022	Animação|Comédia|Família
Beast Tamer	Beast Tamer	ja	2022	Animação|Comédia|Action & Adventure|Sci-Fi & Fantasy
Beastars o Lobo Bom	BEASTARS - O Lobo Bom	ja	2019	Animação|Drama|Mistério|Crime
Bebefinn	베베핀	ko	2022	Animação|Kids
Ben 10	Ben 10	en	2005	Animação|Sci-Fi & Fantasy|Action & Adventure|Comédia|Kids
Ben 10 (2016)	Ben 10	en	2005	Animação|Sci-Fi & Fantasy|Action & Adventure|Comédia|Kids
Ben 10 - Força Alienígena	Ben 10: Força Alienígena	en	2008	Animação|Sci-Fi & Fantasy|Action & Adventure
Ben 10 - Omniverse	Ben 10: Omniverse	en	2012	Action & Adventure|Animação|Sci-Fi & Fantasy|Kids
Ben 10 - Supremacia Alienígena	Ben 10: Supremacia Alienígena	en	2010	Animação|Action & Adventure|Sci-Fi & Fantasy|Kids
Berserk	Berserk	ja	1997	Action & Adventure|Sci-Fi & Fantasy|Animação
Beyblade Metal Fusion (2009)	Beyblade: Metal Fusion	ja	2009	Animação|Mistério|Action & Adventure|Kids|Sci-Fi & Fantasy
Big Blue - O Grande Oceano	Big Blue: O Grande Oceano	en	2021	Animação|Família
Big Mouth	Big Mouth	en	2017	Comédia|Animação
Billy Dilley	Billy Dilley	en	2017	Animação|Comédia|Kids
Bingo e Rolly	Bingo e Rolly	en	2017	Animação|Kids|Família|Comédia|Drama
Birdgirl	Birdgirl	en	2021	Animação|Comédia
Black Butler	Black Butler	ja	2008	Animação|Comédia|Drama|Mistério|Sci-Fi & Fantasy
Black Clover	Black Clover	ja	2017	Animação|Action & Adventure|Sci-Fi & Fantasy
Black Rock Shooter - Dawn Fall	Black Rock Shooter: Amanhecer	ja	2022	Animação|Action & Adventure|Sci-Fi & Fantasy|Drama
Black Summoner	Black Summoner	ja	2022	Animação|Action & Adventure|Sci-Fi & Fantasy
BLACK TORCH	BLACK TORCH	ja	2026	Animação|Mistério|Action & Adventure|Sci-Fi & Fantasy
Blaze e os Monster Machines	Blaze e os Monster Machines	en	2014	Kids|Animação|Família|Comédia
Bleach	Bleach	ja	2004	Action & Adventure|Animação|Sci-Fi & Fantasy
Blood Blockade Battlefront	Blood Blockade Battlefront	ja	2015	Animação|Sci-Fi & Fantasy|Action & Adventure|Comédia
Blue Box	Blue Box	ja	2024	Animação|Drama
Blue Exorcist	Blue Exorcist	ja	2011	Animação|Sci-Fi & Fantasy|Mistério|Action & Adventure
Blue Lock	BLUE LOCK	ja	2022	Animação|Action & Adventure|Drama
Blue Reflection Ray	Blue Reflection Ray	ja	2021	Animação|Drama|Sci-Fi & Fantasy
Bluey	Bluey	en	2018	Animação|Comédia|Família|Kids
Bob Esponja Kamp Koral	Kamp Koral: Bob Esponja, Primeiros Anos!	en	2021	Animação|Comédia|Família
Bobs Burgers	Bob's Burgers	en	2011	Animação|Comédia
Bocchi the Rock!	BOCCHI THE ROCK!	ja	2022	Animação|Comédia
BoJack Horseman	BoJack Horseman	en	2014	Animação|Comédia|Drama
Boku no Hero Academia	My Hero Academia: Vigilantes	ja	2025	Animação|Action & Adventure|Drama|Sci-Fi & Fantasy
Bonkers - De Astro a Tira	Bonkers: De Astro a Tira	en	1993	Animação|Comédia|Kids
Bordertown	Bordertown	en	2016	Animação|Comédia
Boruto - Naruto Next Generations	Boruto: Naruto Next Generations	ja	2017	Animação|Action & Adventure|Comédia
Boss	Helluva Boss	en	2020	Animação|Comédia|Drama|Sci-Fi & Fantasy
Bravos Guerreiros (2012)	Bravos Guerreiros	en	2012	Action & Adventure|Animação|Comédia|Sci-Fi & Fantasy|Família
Brickleberry	Brickleberry	en	2012	Comédia|Animação
Brotherhood	Fullmetal Alchemist: Brotherhood	ja	2009	Animação|Action & Adventure|Sci-Fi & Fantasy|Drama
Bubble Guppies	Bubble Guppies	en	2011	Animação|Família|Kids
Build Divide - Code Black	Build Divide: Code Black	ja	2021	Animação|Action & Adventure|Sci-Fi & Fantasy
Bungo Stray Dogs	Bungo Stray Dogs	ja	2016	Animação|Action & Adventure|Mistério|Sci-Fi & Fantasy
By the Grace of the Gods	By the Grace of the Gods	ja	2020	Animação|Action & Adventure|Sci-Fi & Fantasy
Caça às Nozes com Tico e Teco	Caça às Nozes com Tico e Teco	en	2017	Animação
Caçadores de Demônios	Caçadores de Demônios	zh	2023	Animação|Action & Adventure
Caçadores de Trolls	Caçadores de Trolls	en	2016	Família|Animação|Action & Adventure|Comédia|Sci-Fi & Fantasy
Caligula	Caligula	ja	2018	Animação|Action & Adventure|Sci-Fi & Fantasy
Campfire Cooking in Another World with My Absurd Skill	Campfire Cooking in Another World with My Absurd Skill	ja	2023	Animação|Action & Adventure|Sci-Fi & Fantasy|Comédia
Cãoventuras	Cãoventuras	es	2021	Animação|Família|Kids|Comédia
Capitão Planeta	Capitão Planeta	en	1990	Animação|Action & Adventure|Sci-Fi & Fantasy|Kids
Capitão Tsubasa	Captain Tsubasa	ja	2018	Animação|Comédia|Drama
Captain Tsubasa	Captain Tsubasa	ja	2018	Animação|Comédia|Drama
Cardcaptor Sakura	Cardcaptor Sakura	ja	1998	Animação|Sci-Fi & Fantasy|Action & Adventure
Carmen Sandiego	Carmen Sandiego	en	2019	Animação|Action & Adventure|Crime|Kids
Carol e o Fim do Mundo	Carol e o Fim do Mundo	en	2023	Animação|Comédia|Drama|Sci-Fi & Fantasy
Carros na Estrada	Carros na Estrada	en	2022	Família|Comédia|Kids|Animação|Action & Adventure
Castlevania	Castlevania	en	2017	Animação|Sci-Fi & Fantasy|Drama
Castlevania - Noturno	Castlevania: Noturno	en	2023	Animação|Sci-Fi & Fantasy|Drama
Cat's Eye (2025)	Cat's Eye	ja	1983	Animação|Action & Adventure|Comédia|Drama|Mistério|Crime
CatDog	CatDog	en	1998	Animação|Comédia|Kids
Caverna do Dragão	Caverna do Dragão	en	1983	Animação|Sci-Fi & Fantasy|Comédia|Action & Adventure|Kids
Central Park	Central Park	en	2020	Animação|Comédia
Chainsaw Man	Chainsaw Man	ja	2022	Animação|Action & Adventure|Sci-Fi & Fantasy
Chainsmoker Cat	Chainsmoker Cat	ja	2026	Animação|Comédia|Sci-Fi & Fantasy
Charlotte	Charlotte	ja	2015	Animação|Drama|Sci-Fi & Fantasy
Chaves Em Desenho Animado	Chaves Em Desenho Animado	es	2006	Animação|Comédia|Kids|Família
Chip e Potato	Chip e Potato	en	2018	Kids|Animação
Chowder	Chowder	en	2007	Animação|Comédia|Kids
Círculo de Fogo - The Black	Círculo de Fogo: The Black	en	2021	Sci-Fi & Fantasy|Animação|Action & Adventure
Clarêncio, O Otimista	Clarêncio, O Otimista	en	2014	Animação|Comédia
Classroom of the Elite	Classroom of the Elite	ja	2017	Animação|Drama|Mistério
Claymore	Claymore	ja	2007	Action & Adventure|Animação|Drama|Sci-Fi & Fantasy
Clevatess	Clevatess	ja	2025	Animação|Action & Adventure|Sci-Fi & Fantasy
Clube Winx - A Magia está de volta	Clube Winx: A Magia está de volta	it	2025	Animação|Kids|Action & Adventure|Comédia|Sci-Fi & Fantasy
Code Geass	Code Geass	ja	2006	Animação|Sci-Fi & Fantasy|Action & Adventure|Drama
Combatants Will Be Dispatched	Combatants Will Be Dispatched!	ja	2021	Animação|Comédia|Action & Adventure|Sci-Fi & Fantasy
Como Raeliana Foi Parar na Mansão do Duque	Como Raeliana Foi Parar na Mansão do Duque	ja	2023	Animação|Comédia|Mistério|Sci-Fi & Fantasy
Coragem, o Cão Covarde	Coragem, o Cão Covarde	en	1999	Animação|Família|Sci-Fi & Fantasy|Comédia|Kids
Cowboy Bebop	Cowboy Bebop	ja	1998	Animação|Action & Adventure|Sci-Fi & Fantasy|Faroeste
Cowboy Bebop (1998)	Cowboy Bebop	ja	1998	Animação|Action & Adventure|Sci-Fi & Fantasy|Faroeste
Crepúsculo dos Deuses	Crepúsculo dos Deuses	en	2024	Animação|Sci-Fi & Fantasy|Action & Adventure
Cuphead - A Série	Cuphead: A Série	en	2022	Animação|Comédia|Família
Cyberpunk - Mercenários	Cyberpunk: Mercenários	ja	2022	Animação|Action & Adventure|Sci-Fi & Fantasy|Crime
Death Note	Death Note	ja	2006	Animação|Mistério|Sci-Fi & Fantasy
Deca-Dence	DECA-DENCE	ja	2020	Animação|Drama|Action & Adventure|Sci-Fi & Fantasy
Deep Insanity - The Lost Child	Deep Insanity THE LOST CHILD	ja	2021	Animação|Sci-Fi & Fantasy|Action & Adventure
Devilman Crybaby	Devilman Crybaby	ja	2018	Animação|Action & Adventure|Sci-Fi & Fantasy
Digimon	Digimon Beatbreak	ja	2025	Animação|Action & Adventure|Sci-Fi & Fantasy|Kids
Digimon Adventure (2020)	Digimon Adventure:	ja	2020	Animação|Action & Adventure|Sci-Fi & Fantasy|Kids
Dorothy e o Mágico de Oz	Dorothy e o Mágico de Oz	en	2017	Animação|Action & Adventure|Kids
DOTA - Dragon’s Blood	DOTA: Dragon's Blood	en	2021	Sci-Fi & Fantasy|Action & Adventure|Animação
Doutora Brinquedos	Doutora Brinquedos	en	2012	Animação|Kids|Família
Dr. Stone	Dr. Stone	ja	2019	Animação|Action & Adventure|Comédia|Sci-Fi & Fantasy
Dragões - Equipe de Resgate ‑ Heróis do Céu	Dragões: Equipe de Resgate ‑ Heróis do Céu	en	2021	Kids|Animação
Dragon Ball	Dragon Ball Z	ja	1989	Animação|Sci-Fi & Fantasy|Action & Adventure
Dragon Ball GT	Dragon Ball GT	ja	1996	Animação|Action & Adventure|Sci-Fi & Fantasy
Dragon Ball Super	Dragon Ball Super	ja	2015	Animação|Action & Adventure|Sci-Fi & Fantasy
Dragon Ball Z	Dragon Ball Z	ja	1989	Animação|Sci-Fi & Fantasy|Action & Adventure
Dragon Ball Z Kai	Dragon Ball Z Kai	ja	2009	Sci-Fi & Fantasy|Animação|Action & Adventure|Comédia
Dragon Goes House-Hunting	Dragon Goes House-Hunting	ja	2021	Animação|Comédia|Sci-Fi & Fantasy
Drama Total Kids	Drama Total Kids	en	2018	Animação|Kids|Família|Comédia
Duncanville	Duncanville	en	2020	Comédia|Animação
Elena de Avalor	Elena de Avalor	en	2016	Animação|Kids
Elliott O Terráqueo	Elliott, O Terráqueo	en	2021	Animação|Comédia
Ergo Proxy	Ergo Proxy	ja	2006	Animação|Mistério|Sci-Fi & Fantasy
Esquadrão De Heróis	Esquadrão de Heróis	en	2009	Action & Adventure|Animação|Comédia
Eu Elvis Riboldi	Eu, Elvis Riboldi	es	2020	Animação|Kids|Comédia
Eu Sou Groot	Eu Sou Groot	en	2022	Animação|Comédia|Família|Sci-Fi & Fantasy|Kids
Evil or Live	Evil or Live	ja	2017	Animação|Drama
F is for Family	F is for Family	en	2015	Comédia|Animação
Fairfax	Fairfax	en	2021	Comédia|Animação
Family Guy	Uma Família da Pesada	en	1999	Animação|Comédia
Fancy Nancy Clancy	Fancy Nancy Clancy	en	2018	Animação|Kids
Final Space	Final Space	en	2018	Animação|Action & Adventure|Sci-Fi & Fantasy|Comédia
Food Wars Shokugeki no Soma	Food Wars! Shokugeki no Soma	ja	2015	Animação|Comédia|Drama
Fruits Basket	Fruits Basket	ja	2019	Animação|Drama|Sci-Fi & Fantasy
Full Dive This Ultimate Next-Gen Full Dive RPG Is Even Shittier Than Real Life	Full Dive: This Ultimate Next-Gen Full Dive RPG Is Even Shittier than Real Life!	ja	2021	Animação|Comédia|Action & Adventure|Sci-Fi & Fantasy
Fullmetal Alchemist - Brotherhood	Fullmetal Alchemist: Brotherhood	ja	2009	Animação|Action & Adventure|Sci-Fi & Fantasy|Drama
Gigantossauro	Gigantossauro	en	2019	Kids|Família|Animação
Gleipnir	Gleipnir	ja	2020	Animação|Mistério|Comédia|Action & Adventure|Sci-Fi & Fantasy
GNOSIA	GNOSIA	ja	2025	Animação|Mistério|Sci-Fi & Fantasy
Godzilla Singular Point	Godzilla Ponto Singular	ja	2021	Animação|Action & Adventure|Sci-Fi & Fantasy|Mistério
Gokushufudou	Gokushufudou: Tatsu Imortal	ja	2021	Animação|Comédia
Great Pretender	Great Pretender	ja	2020	Animação|Drama|Comédia|Action & Adventure
Haha, You Clowns	Haha, You Clowns	en	2025	Animação|Comédia
Harley Quinn	Arlequina	en	2019	Action & Adventure|Animação|Comédia|Sci-Fi & Fantasy
Hataraku Saibou	Cells at Work!	ja	2018	Animação|Action & Adventure|Comédia
Hatena Illusion	Hatena☆Illusion	ja	2020	Animação|Comédia|Drama|Sci-Fi & Fantasy
Hell's Paradise	Hell's Paradise	ja	2023	Animação|Action & Adventure|Sci-Fi & Fantasy
Hércules	Hércules	en	1998	Comédia|Kids|Animação|Action & Adventure
Higurashi When They Cry Gou	Higurashi: When They Cry - GOU	ja	2020	Animação|Mistério|Sci-Fi & Fantasy|Drama
Homem-Aranha da Marvel	Seu Amigão da Vizinhança: Homem-Aranha	en	2025	Animação|Action & Adventure|Sci-Fi & Fantasy
Hora de Aventura	Hora de Aventura	en	2010	Animação|Comédia|Sci-Fi & Fantasy
Hora de Aventura - Terras Distantes	Hora de Aventura: Terras Distantes	en	2020	Animação|Action & Adventure|Comédia|Sci-Fi & Fantasy|Família
Horimiya	Horimiya	ja	2021	Animação|Comédia|Drama
Hulk e os Agentes de S.M.A.S.H	Hulk e os Agentes de S.M.A.S.H.	en	2013	Action & Adventure|Animação|Sci-Fi & Fantasy
ID - Invaded	ID:Invaded	ja	2020	Animação|Drama|Mistério|Action & Adventure|Sci-Fi & Fantasy
Invencível	INVENCÍVEL	en	2021	Animação|Drama|Sci-Fi & Fantasy|Action & Adventure
Irina The Vampire Cosmonaut	Irina: The Vampire Cosmonaut	ja	2021	Animação|Drama|Sci-Fi & Fantasy
Irmão do Jorel	Irmão do Jorel	pt	2014	Animação|Comédia|Kids|Drama
Jujutsu Kaisen	Jujutsu Kaisen	ja	2020	Animação|Sci-Fi & Fantasy|Action & Adventure
Kaguya-sama Love Is War	Kaguya-sama: Love Is War	ja	2019	Comédia|Animação
Kakegurui	Kakegurui	ja	2017	Animação|Mistério|Crime|Drama
Koala Man	Koala Man	en	2023	Animação|Comédia
Kono Oto Tomare!	Kono Oto Tomare!: Sounds of Life	ja	2019	Animação|Drama
Kuroko no Basket	Kuroko's Basketball	ja	2012	Animação|Comédia|Drama
Kyokou Suiri	In/Spectre	ja	2020	Animação|Comédia|Mistério|Sci-Fi & Fantasy
LEGO Aventuras na Cidade	LEGO Aventuras na Cidade	en	2019	Animação|Action & Adventure|Família|Comédia|Kids
LEGO Ninjago - Mestres do Spinjitzu	Ninjago: Mestres do Spinjitzu	en	2012	Animação|Action & Adventure|Sci-Fi & Fantasy|Comédia|Família
LEGO Star Wars - All-Stars	LEGO Star Wars: All-Stars	en	2018	Animação|Família|Comédia|Sci-Fi & Fantasy
LEGO Star Wars - As Aventuras dos Freemaker	LEGO Star Wars: As Aventuras dos Freemaker	en	2016	Animação|Comédia|Família|Kids|Sci-Fi & Fantasy|Action & Adventure
Liga da Justiça Ação	Liga da Justiça Ação	en	2016	Animação|Action & Adventure|Sci-Fi & Fantasy|Kids
Lilo e Stitch - A Série	Lilo e Stitch: A Série	en	2003	Animação|Comédia|Família|Sci-Fi & Fantasy|Action & Adventure
Looney Tunes Cartoons	Looney Tunes Cartoons	en	2020	Animação|Comédia|Família
Lost Song	Lost Song	ja	2018	Animação|Action & Adventure|Sci-Fi & Fantasy
Love Death e Robots	Love, Death & Robots	en	2019	Animação|Sci-Fi & Fantasy
Magos - Contos da Arcadia	Magos: Contos da Arcadia	en	2020	Animação|Action & Adventure|Comédia|Sci-Fi & Fantasy
Mao Mao - Heróis de Coração Puro	Mao Mao: Heróis de Coração Puro	en	2019	Animação|Action & Adventure|Comédia|Família|Sci-Fi & Fantasy
Mars Red	Mars Red	ja	2021	Animação|Mistério|Sci-Fi & Fantasy
Marvels M.O.D.O.K	Marvel's M.O.D.O.K.	en	2021	Comédia|Animação|Action & Adventure|Sci-Fi & Fantasy
Mashiro no Oto	Those Snow White Notes	ja	2021	Animação|Drama
Megas XLR	Megas XLR	en	2004	Animação|Action & Adventure|Comédia|Sci-Fi & Fantasy|Kids
Meikyuu Black Company	The Dungeon of Black Company	ja	2021	Animação|Comédia|Action & Adventure|Sci-Fi & Fantasy
Meus Amigos Tigrão e Pooh	Meus Amigos Tigrão e Pooh	en	2007	Kids|Animação|Drama|Mistério|Action & Adventure
Mike Judges Beavis and Butt-Head	Beavis e Butt-Head	en	2022	Animação|Comédia
Miss Kuroitsu from the Monster Development Department	Miss KUROITSU from the Monster Development Department	ja	2022	Animação|Comédia|Sci-Fi & Fantasy
Mob Psycho 100	Mob Psycho 100	ja	2016	Animação|Action & Adventure|Comédia|Sci-Fi & Fantasy
Molly McGee e o Fantasma	Molly McGee e o Fantasma	en	2021	Animação|Sci-Fi & Fantasy|Kids
Momonstros	Momonstros	es	2020	Animação|Kids
Monstros no Trabalho	Monstros no Trabalho	en	2021	Família|Comédia|Animação
Moriarty the Patriot	Moriarty the Patriot	ja	2020	Animação|Mistério
Mr. Pickles	Mr. Pickles	en	2014	Comédia|Animação
My Little Pony - A Amizade é Mágica	My Little Pony:  A Amizade é Mágica	en	2010	Animação|Comédia|Sci-Fi & Fantasy|Kids
Napoleon Dynamite	Napoleon Dynamite	en	2012	Animação|Comédia
Naruto	Naruto	ja	2002	Animação|Action & Adventure|Sci-Fi & Fantasy
New Looney Tunes	New Looney Tunes	en	2015	Animação|Comédia|Família|Kids
Night Sky	Love Unseen Beneath the Clear Night Sky	ja	2026	Animação|Drama
No Game No Life	No Game, No Life	ja	2014	Animação|Sci-Fi & Fantasy|Action & Adventure|Comédia
Noragami	Noragami	ja	2014	Animação|Action & Adventure|Sci-Fi & Fantasy
O Incrível Mundo de Gumball	O Incrível Mundo de Gumball	en	2011	Animação|Família|Sci-Fi & Fantasy|Comédia
O Mundo dos Centauros	O Mundo dos Centauros	en	2021	Animação|Kids|Sci-Fi & Fantasy|Action & Adventure
O Mundo Maravilhoso de Mickey Mouse	O Mundo Maravilhoso de Mickey Mouse	en	2020	Animação|Família|Kids
O Ônibus Mágico Decola Novamente	O Ônibus Mágico Decola Novamente	en	2017	Kids|Animação
O Príncipe Dragão	O Príncipe Dragão	en	2018	Animação|Action & Adventure|Sci-Fi & Fantasy|Família
O Sangue de Zeus	O Sangue de Zeus	en	2020	Animação|Action & Adventure|Sci-Fi & Fantasy
O Surreal Mundo de Any Malu	O (Sur)real Mundo de Any Malu	pt	2015	Animação|Comédia
O Vazio	O Vazio	en	2018	Animação|Drama|Mistério|Sci-Fi & Fantasy
Odo	Odo	en	2021	Kids|Animação
One Punch Man	One-Punch Man	ja	2015	Animação|Comédia|Action & Adventure|Sci-Fi & Fantasy
Operação Big Hero - A Série	Operação Big Hero: A Série	en	2017	Action & Adventure|Animação|Comédia|Família|Sci-Fi & Fantasy
Orient	Orient	ja	2022	Animação|Action & Adventure|Sci-Fi & Fantasy
Os Cavaleiros do Zodíaco	Os Cavaleiros do Zodíaco	ja	1986	Animação|Drama|Action & Adventure|Sci-Fi & Fantasy
Os Cavaleiros do Zodíaco (2019)	Os Cavaleiros do Zodíaco	ja	1986	Animação|Drama|Action & Adventure|Sci-Fi & Fantasy
Os Jovens Titãs em Ação	Os Jovens Titãs em Ação!	en	2013	Animação|Action & Adventure|Comédia|Família|Sci-Fi & Fantasy
Os Padrinhos Mágicos	Os Padrinhos Mágicos	en	2001	Animação|Comédia|Sci-Fi & Fantasy|Kids
Os Simpsons	Os Simpsons	en	1989	Animação|Comédia
Os Sustos Ocultos de Frankelda	Os Sustos Ocultos de Frankelda	es	2021	Animação
Os Vingadores - A Série	Os Vingadores: A Série	en	1999	Animação|Action & Adventure|Sci-Fi & Fantasy
Os Vizinhos Green	Os Vizinhos Green	en	2018	Família|Animação|Comédia
Our Last Crusade or the Rise of a New World	Our Last Crusade or the Rise of a New World	ja	2020	Animação|Action & Adventure|Sci-Fi & Fantasy|War & Politics
Overlord	Overlord	ja	2015	Animação|Sci-Fi & Fantasy|Action & Adventure
Panic	Full Metal Panic	ja	2002	Animação|Sci-Fi & Fantasy
Paradise Police	Paradise Police	en	2018	Comédia|Animação
Peter Grill and the Philosopher's Time	Peter Grill and the Philosopher's Time	ja	2020	Animação|Comédia|Sci-Fi & Fantasy
Phineas e Ferb	Phineas e Ferb	en	2007	Animação|Comédia|Família|Sci-Fi & Fantasy
Pinky e o Cérebro	Pinky e o Cérebro	en	1995	Animação|Comédia|Família|Sci-Fi & Fantasy|Kids
Players	Power Players	en	2019	Action & Adventure|Comédia|Animação|Kids
Plunderer	Plunderer	ja	2020	Action & Adventure|Sci-Fi & Fantasy|Animação
Princesinha Sofia	Princesinha Sofia	en	2013	Família|Animação|Kids
Prisma	Pelo Prisma do Amor	ja	2026	Animação|Drama
Pui Pui - Porquinhos com Rodinhas	Pui Pui - Porquinhos com Rodinhas	ja	2021	Animação|Kids
Radiant	RADIANT	ja	2018	Action & Adventure|Animação|Comédia|Sci-Fi & Fantasy
Ranking of Kings	Ranking of Kings	ja	2021	Animação|Action & Adventure|Sci-Fi & Fantasy
Reboot	ReBoot	en	1994	Sci-Fi & Fantasy|Animação|Action & Adventure|Kids
Record of Ragnarok	Record of Ragnarok	ja	2021	Action & Adventure|Animação|Sci-Fi & Fantasy
Recursos Humanos	Recursos Humanos	en	2022	Animação|Comédia
Resident Evil - No Escuro Absoluto	Resident Evil: No Escuro Absoluto	ja	2021	Animação|Drama|Action & Adventure|Sci-Fi & Fantasy
Rick e Morty	Rick e Morty	en	2013	Animação|Comédia|Sci-Fi & Fantasy|Action & Adventure
RILAKKUMA (2026)	RILAKKUMA	ja	2026	Animação|Kids
Rumble Garanndoll	Gyakuten Sekai no Denchi Shoujo	ja	2021	Animação|Action & Adventure|Sci-Fi & Fantasy
Samurai Jack	Samurai Jack	en	2001	Sci-Fi & Fantasy|Action & Adventure|Animação
Santo	Santo Bugito	en	1995	Animação
Scarlet Nexus	Scarlet Nexus	ja	2021	Animação|Action & Adventure|Sci-Fi & Fantasy
Scooby Doo Cadê Você_	Scooby-Doo, Cadê Você?	en	1969	Animação|Mistério|Comédia|Família|Sci-Fi & Fantasy
Seraph of the End Vampire Reign	Seraph of the End	ja	2015	Animação|Action & Adventure|Sci-Fi & Fantasy
Sereno - O Panda Zen	Sereno: O Panda Zen	en	2020	Kids|Animação
Shadows House	SHADOWS HOUSE	ja	2021	Animação|Mistério|Sci-Fi & Fantasy
Shadowverse	Shadowverse	ja	2020	Animação|Action & Adventure|Sci-Fi & Fantasy
SHAMAN KING (2021)	Shaman King	ja	2021	Animação|Comédia|Sci-Fi & Fantasy|Action & Adventure
SK8 the Infinity	SK8 the Infinity	ja	2021	Animação|Action & Adventure
Snoopy no Espaço	Snoopy no Espaço: À Procura de Vida	en	2019	Animação|Kids
Solar Opposites	Solar Opposites	en	2020	Comédia|Animação|Sci-Fi & Fantasy
Sonic Prime	Sonic Prime	en	2022	Animação|Action & Adventure|Sci-Fi & Fantasy|Kids
Sonny Boy	Sonny Boy	ja	2021	Animação|Drama|Mistério|Sci-Fi & Fantasy
South Park	South Park	en	1997	Animação|Comédia
Spidey e Seus Amigos Espetaculares	Spidey e Seus Amigos Espetaculares	en	2021	Animação|Kids|Sci-Fi & Fantasy|Action & Adventure
Spirit - Cavalgando Livre	Spirit - Cavalgando Livre	en	2017	Animação|Action & Adventure|Família|Faroeste
Star Wars - Forças do Destino	Star Wars: Forças do Destino	en	2017	Animação|Sci-Fi & Fantasy|Action & Adventure|Família
Star Wars - Histórias dos Jedi	Star Wars: Histórias dos Jedi	en	2022	Animação|Sci-Fi & Fantasy|Action & Adventure
Star Wars - Rebels	Star Wars: Rebels	en	2014	Action & Adventure|Animação|Sci-Fi & Fantasy
Star Wars - The Bad Batch	Star Wars: The Bad Batch	en	2021	Animação|Action & Adventure|Sci-Fi & Fantasy
Star Wars - Visions	Star Wars: Visions	en	2021	Animação|Sci-Fi & Fantasy|Action & Adventure
Steins Gate	Steins;Gate	ja	2011	Animação|Sci-Fi & Fantasy|Mistério|Comédia
Steins Gate 0	Steins;Gate 0	ja	2018	Sci-Fi & Fantasy|Animação|Drama
Steven Universo	Steven Universo	en	2013	Animação|Action & Adventure|Comédia|Sci-Fi & Fantasy|Família
Super Choque	Super Choque	en	2000	Action & Adventure|Animação|Sci-Fi & Fantasy|Kids
Super Cub	Super Cub	ja	2021	Animação|Comédia
Super Dragon Ball Heroes	Super Dragon Ball Heroes	ja	2018	Animação|Action & Adventure|Sci-Fi & Fantasy
Super Drags	Super Drags	pt	2018	Animação|Comédia
Super Monsters Monster Pets	Super Monstros: Pet-Monstros	en	2019	Animação|Kids
Sylvanian Families	Sylvanian Families	en	1987	Animação|Kids
Tainá e os Guardiões da Amazônia	Tainá e os Guardiões da Amazônia	pt	2018	Animação|Kids
Talking Tom and Friends	Talking Tom and Friends	en	2014	Animação|Comédia|Kids
Teen Titans	Os Jovens Titãs em Ação!	en	2013	Animação|Action & Adventure|Comédia|Família|Sci-Fi & Fantasy
Teenage Euthanasia	Teenage Euthanasia	en	2021	Comédia|Animação
Tenkuu Shinpan	Tenku Shinpan - Sem Saída	ja	2021	Animação|Mistério|Action & Adventure
The Big Show Show	The Big Lez Show	en	2012	Animação|Action & Adventure|Comédia|Sci-Fi & Fantasy
The Boys Apresenta - Diabólicos	The Boys Apresenta: Diabólicos	en	2022	Animação|Action & Adventure
The Day I Became a God	The Day I Became a God	ja	2020	Animação|Comédia|Drama|Sci-Fi & Fantasy
The Deep	Sob O Mar	en	2015	Kids|Família|Animação|Action & Adventure
The Great North	The Great North	en	2021	Animação|Comédia
The Journey of Elaina	Wandering Witch: The Journey of Elaina	ja	2020	Animação|Action & Adventure|Sci-Fi & Fantasy|Comédia
