id	nodePath	oldParent	newParent	isTitle
6ab04b26df06776bfe0b691f	raphael/Series/A Caverna Encantada	6a8b7f8f5a0928dc05f6f3a9	ObjectId:6ab31afa36783409c9924fee	True
6ab04c97df06776bfe0b6ad5	raphael/Series/A Cozinheira de Castamar	6a8b7f8f5a0928dc05f6f3a9	ObjectId:6ab31afa36783409c9924fee	True
6ab04d9fdf06776bfe0b6cca	raphael/Series/A Desalmada	6a8b7f8f5a0928dc05f6f3a9	ObjectId:6ab31afa36783409c9924fee	True
6aaeb14d2d6a320f5fb51db7	raphael/Series/A Dona do Pedaço	6a8b7f8f5a0928dc05f6f3a9	ObjectId:6ab31afa36783409c9924fee	True
6ab04f49df06776bfe0b6f3a	raphael/Series/A Escrava Isaura (2004)	6a8b7f8f5a0928dc05f6f3a9	ObjectId:6ab31afa36783409c9924fee	True
6aaeb2c12d6a320f5fb523ce	raphael/Series/A Favorita	6a8b7f8f5a0928dc05f6f3a9	ObjectId:6ab31afa36783409c9924fee	True
6aaeb3102d6a320f5fb52488	raphael/Series/A Força do Querer	6a8b7f8f5a0928dc05f6f3a9	ObjectId:6ab31afa36783409c9924fee	True
6aaeb33e2d6a320f5fb5253f	raphael/Series/A Gata Comeu	6a8b7f8f5a0928dc05f6f3a9	ObjectId:6ab31afa36783409c9924fee	True
6aafa8bcf7690c13ea801987	raphael/Series/A Indomada	6a8b7f8f5a0928dc05f6f3a9	ObjectId:6ab31afa36783409c9924fee	True
6ab056dfdf06776bfe0b7dad	raphael/Series/A Infância de Romeu e Julieta	6a8b7f8f5a0928dc05f6f3a9	ObjectId:6ab31afa36783409c9924fee	True
6aaeb2262d6a320f5fb52139	raphael/Series/A Lei do Amor	6a8b7f8f5a0928dc05f6f3a9	ObjectId:6ab31afa36783409c9924fee	True
6ab05038df06776bfe0b71bc	raphael/Series/A Lua Me Disse	6a8b7f8f5a0928dc05f6f3a9	ObjectId:6ab31afa36783409c9924fee	True
6aaeb2292d6a320f5fb52152	raphael/Series/A Mentira	6a8b7f8f5a0928dc05f6f3a9	ObjectId:6ab31afa36783409c9924fee	True
6ab05127df06776bfe0b732f	raphael/Series/A Mulher Proibida	6a8b7f8f5a0928dc05f6f3a9	ObjectId:6ab31afa36783409c9924fee	True
6ab05188df06776bfe0b73bf	raphael/Series/A Nobreza do Amor	6a8b7f8f5a0928dc05f6f3a9	ObjectId:6ab31afa36783409c9924fee	True
6ab04e5fdf06776bfe0b6e26	raphael/Series/A Nova Vida de Ana	6a8b7f8f5a0928dc05f6f3a9	ObjectId:6ab31afa36783409c9924fee	True
6ab052d5df06776bfe0b7614	raphael/Series/A Promessa	6a8b7f8f5a0928dc05f6f3a9	ObjectId:6ab31afa36783409c9924fee	True
6aafa788f7690c13ea80177d	raphael/Series/A Próxima Vítima	6a8b7f8f5a0928dc05f6f3a9	ObjectId:6ab31afa36783409c9924fee	True
6ab0509bdf06776bfe0b726a	raphael/Series/A Rainha da Pérsia	6a8b7f8f5a0928dc05f6f3a9	ObjectId:6ab31afa36783409c9924fee	True
6aaeb22f2d6a320f5fb5218a	raphael/Series/A Regra do Jogo	6a8b7f8f5a0928dc05f6f3a9	ObjectId:6ab31afa36783409c9924fee	True
6ab0527edf06776bfe0b750a	raphael/Series/A Sucessora	6a8b7f8f5a0928dc05f6f3a9	ObjectId:6ab31afa36783409c9924fee	True
6aaeb2342d6a320f5fb521bf	raphael/Series/A Terra Prometida	6a8b7f8f5a0928dc05f6f3a9	ObjectId:6ab31afa36783409c9924fee	True
6aaeb3812d6a320f5fb5269e	raphael/Series/A Usurpadora	6a8b7f8f5a0928dc05f6f3a9	ObjectId:6ab31afa36783409c9924fee	True
6ab074e2b04b288fb4b26aea	raphael/Series/A Usurpadora (2019)	6a8b7f8f5a0928dc05f6f3a9	ObjectId:6ab31afa36783409c9924fee	True
6aaeb3882d6a320f5fb526eb	raphael/Series/A Viagem	6a8b7f8f5a0928dc05f6f3a9	ObjectId:6ab31afa36783409c9924fee	True
6aaeb2362d6a320f5fb521d2	raphael/Series/A Vida da Gente	6a8b7f8f5a0928dc05f6f3a9	ObjectId:6ab31afa36783409c9924fee	True
6aafb13df7690c13ea802e58	raphael/Series/A Vítima	6a8b7f8f5a0928dc05f6f3a9	ObjectId:6ab31afa36783409c9924fee	True
6ab054e4df06776bfe0b7a7d	raphael/Series/Acorrentada	6a8b7f8f5a0928dc05f6f3a9	ObjectId:6ab31afa36783409c9924fee	True
6ab07ae6b04b288fb4b2763c	raphael/Series/Agora é Que São Elas	6a8b7f8f5a0928dc05f6f3a9	ObjectId:6ab31afa36783409c9924fee	True
6ab05647df06776bfe0b7c94	raphael/Series/Além da Ilusão	6a8b7f8f5a0928dc05f6f3a9	ObjectId:6ab31afa36783409c9924fee	True
6aaeb3d22d6a320f5fb5294a	raphael/Series/Além da Usurpadora	6a8b7f8f5a0928dc05f6f3a9	ObjectId:6ab31afa36783409c9924fee	True
6aaeb2a02d6a320f5fb52348	raphael/Series/Além do Horizonte	6a8b7f8f5a0928dc05f6f3a9	ObjectId:6ab31afa36783409c9924fee	True
6aaeb2a22d6a320f5fb52355	raphael/Series/Além do Tempo	6a8b7f8f5a0928dc05f6f3a9	ObjectId:6ab31afa36783409c9924fee	True
6aafbadaf7690c13ea80442e	raphael/Series/Alma	6a8b7f8f5a0928dc05f6f3a9	ObjectId:6ab31afa36783409c9924fee	True
6aafa5e3f7690c13ea801309	raphael/Series/Alma Gêmea	6a8b7f8f5a0928dc05f6f3a9	ObjectId:6ab31afa36783409c9924fee	True
6aae3dc4eb0dcef49b83b8d0	raphael/Series/Alma Gêmea (2026)	6a8b7f8f5a0928dc05f6f3a9	ObjectId:6ab31afa36783409c9924fee	True
6aae3dc4eb0dcef49b83b8d2	raphael/Series/Alma Gêmea (2026)/Season 01/Alma Gêmea (2026) - S01E01.mkv	/raphael/Series/Alma Gêmea (2026)/Season 01	/raphael/Novelas/Alma Gêmea (2026)/Season 01	False
6ab02f2cdf06776bfe0b300b	raphael/Series/Alma Gêmea (2026)/Season 01/Alma Gêmea (2026) - S01E02.mkv	/raphael/Series/Alma Gêmea (2026)/Season 01	/raphael/Novelas/Alma Gêmea (2026)/Season 01	False
6ab02f74df06776bfe0b3066	raphael/Series/Alma Gêmea (2026)/Season 01/Alma Gêmea (2026) - S01E03.mkv	/raphael/Series/Alma Gêmea (2026)/Season 01	/raphael/Novelas/Alma Gêmea (2026)/Season 01	False
6ab02faedf06776bfe0b30c0	raphael/Series/Alma Gêmea (2026)/Season 01/Alma Gêmea (2026) - S01E04.mkv	/raphael/Series/Alma Gêmea (2026)/Season 01	/raphael/Novelas/Alma Gêmea (2026)/Season 01	False
6ab02fd8df06776bfe0b313e	raphael/Series/Alma Gêmea (2026)/Season 01/Alma Gêmea (2026) - S01E05.mkv	/raphael/Series/Alma Gêmea (2026)/Season 01	/raphael/Novelas/Alma Gêmea (2026)/Season 01	False
6ab03004df06776bfe0b31c3	raphael/Series/Alma Gêmea (2026)/Season 01/Alma Gêmea (2026) - S01E06.mkv	/raphael/Series/Alma Gêmea (2026)/Season 01	/raphael/Novelas/Alma Gêmea (2026)/Season 01	False
6ab03039df06776bfe0b325d	raphael/Series/Alma Gêmea (2026)/Season 01/Alma Gêmea (2026) - S01E07.mkv	/raphael/Series/Alma Gêmea (2026)/Season 01	/raphael/Novelas/Alma Gêmea (2026)/Season 01	False
6ab03071df06776bfe0b32ef	raphael/Series/Alma Gêmea (2026)/Season 01/Alma Gêmea (2026) - S01E08.mkv	/raphael/Series/Alma Gêmea (2026)/Season 01	/raphael/Novelas/Alma Gêmea (2026)/Season 01	False
6ab055cbdf06776bfe0b7bb1	raphael/Series/Alma Indomável	6a8b7f8f5a0928dc05f6f3a9	ObjectId:6ab31afa36783409c9924fee	True
6aaeb29e2d6a320f5fb5233b	raphael/Series/Alto Astral	6a8b7f8f5a0928dc05f6f3a9	ObjectId:6ab31afa36783409c9924fee	True
6aafb1e2f7690c13ea802fe2	raphael/Series/Amar a Morte	6a8b7f8f5a0928dc05f6f3a9	ObjectId:6ab31afa36783409c9924fee	True
6aafada5f7690c13ea802560	raphael/Series/Amar Demais	6a8b7f8f5a0928dc05f6f3a9	ObjectId:6ab31afa36783409c9924fee	True
6aaeb33d2d6a320f5fb52532	raphael/Series/Amor à Vida	6a8b7f8f5a0928dc05f6f3a9	ObjectId:6ab31afa36783409c9924fee	True
6ab057e2df06776bfe0b7f41	raphael/Series/Amor com Amor Se Paga	6a8b7f8f5a0928dc05f6f3a9	ObjectId:6ab31afa36783409c9924fee	True
6aaeb3ee2d6a320f5fb529e8	raphael/Series/Amor de Mãe	6a8b7f8f5a0928dc05f6f3a9	ObjectId:6ab31afa36783409c9924fee	True
6ab05aa3df06776bfe0b81f7	raphael/Series/Amor e Ódio	6a8b7f8f5a0928dc05f6f3a9	ObjectId:6ab31afa36783409c9924fee	True
6ab069e7116cf5b1fd655619	raphael/Series/Amor e Revolução (2011)	6a8b7f8f5a0928dc05f6f3a9	ObjectId:6ab31afa36783409c9924fee	True
6ab06903116cf5b1fd6554a8	raphael/Series/Amor em Ruínas	6a8b7f8f5a0928dc05f6f3a9	ObjectId:6ab31afa36783409c9924fee	True
6ab087f6e72bf158295f196e	raphael/Series/Amor Perfeito	6a8b7f8f5a0928dc05f6f3a9	ObjectId:6ab31afa36783409c9924fee	True
6aaeb4022d6a320f5fb52a18	raphael/Series/Amor sem Igual	6a8b7f8f5a0928dc05f6f3a9	ObjectId:6ab31afa36783409c9924fee	True
6ab06a7c116cf5b1fd655748	raphael/Series/Andando nas Nuvens	6a8b7f8f5a0928dc05f6f3a9	ObjectId:6ab31afa36783409c9924fee	True
6aafae64f7690c13ea802747	raphael/Series/Anjo Mau (1976)	6a8b7f8f5a0928dc05f6f3a9	ObjectId:6ab31afa36783409c9924fee	True
6aaeb3702d6a320f5fb52608	raphael/Series/Anjo Mau (1997)	6a8b7f8f5a0928dc05f6f3a9	ObjectId:6ab31afa36783409c9924fee	True
6ab06bb7116cf5b1fd655996	raphael/Series/Ao Sul do Coração	6a8b7f8f5a0928dc05f6f3a9	ObjectId:6ab31afa36783409c9924fee	True
6aaeb3742d6a320f5fb52627	raphael/Series/Apocalipse	6a8b7f8f5a0928dc05f6f3a9	ObjectId:6ab31afa36783409c9924fee	True
6aafb253f7690c13ea8030e6	raphael/Series/Aquele Beijo	6a8b7f8f5a0928dc05f6f3a9	ObjectId:6ab31afa36783409c9924fee	True
6ab0781bb04b288fb4b271d6	raphael/Series/Araguaia	6a8b7f8f5a0928dc05f6f3a9	ObjectId:6ab31afa36783409c9924fee	True
6aaeb3812d6a320f5fb526a1	raphael/Series/As Aventuras de Poliana	6a8b7f8f5a0928dc05f6f3a9	ObjectId:6ab31afa36783409c9924fee	True
6ab07306de33d8ae26d431bb	raphael/Series/As Filhas da Mãe	6a8b7f8f5a0928dc05f6f3a9	ObjectId:6ab31afa36783409c9924fee	True
6ab085fae72bf158295f1641	raphael/Series/As Filhas da Senhora Garcia	6a8b7f8f5a0928dc05f6f3a9	ObjectId:6ab31afa36783409c9924fee	True
6aafd767f7690c13ea807cee	raphael/Series/Até que se Prove o Contrário	6a8b7f8f5a0928dc05f6f3a9	ObjectId:6ab31afa36783409c9924fee	True
6aaeb3922d6a320f5fb52720	raphael/Series/Avenida Brasil	6a8b7f8f5a0928dc05f6f3a9	ObjectId:6ab31afa36783409c9924fee	True
6aaeb3952d6a320f5fb52734	raphael/Series/Babilônia	6a8b7f8f5a0928dc05f6f3a9	ObjectId:6ab31afa36783409c9924fee	True
6ab074f5b04b288fb4b26b23	raphael/Series/Baila Comigo	6a8b7f8f5a0928dc05f6f3a9	ObjectId:6ab31afa36783409c9924fee	True
6ab06f88116cf5b1fd655d00	raphael/Series/Bambolê	6a8b7f8f5a0928dc05f6f3a9	ObjectId:6ab31afa36783409c9924fee	True
6ab07344de33d8ae26d43254	raphael/Series/Barriga de Aluguel	6a8b7f8f5a0928dc05f6f3a9	ObjectId:6ab31afa36783409c9924fee	True
6aaeb39f2d6a320f5fb5277b	raphael/Series/Bebê a Bordo	6a8b7f8f5a0928dc05f6f3a9	ObjectId:6ab31afa36783409c9924fee	True
6ab07534b04b288fb4b26bb7	raphael/Series/Bela, a Feia (2009)	6a8b7f8f5a0928dc05f6f3a9	ObjectId:6ab31afa36783409c9924fee	True
6aaeb3a02d6a320f5fb5278c	raphael/Series/Belíssima	6a8b7f8f5a0928dc05f6f3a9	ObjectId:6ab31afa36783409c9924fee	True
6ab076d1b04b288fb4b26ed7	raphael/Series/Betty, A Feia - A História Continua	6a8b7f8f5a0928dc05f6f3a9	ObjectId:6ab31afa36783409c9924fee	True
6aaeb3a92d6a320f5fb527de	raphael/Series/BIA	6a8b7f8f5a0928dc05f6f3a9	ObjectId:6ab31afa36783409c9924fee	True
6ab07cf4b04b288fb4b278df	raphael/Series/Bibi de A Força do Querer	6a8b7f8f5a0928dc05f6f3a9	ObjectId:6ab31afa36783409c9924fee	True
6aafb37ef7690c13ea8033ec	raphael/Series/Boogie Oogie	6a8b7f8f5a0928dc05f6f3a9	ObjectId:6ab31afa36783409c9924fee	True
6aafb49ef7690c13ea803645	raphael/Series/Brega e Chique	6a8b7f8f5a0928dc05f6f3a9	ObjectId:6ab31afa36783409c9924fee	True
6aaeb3d12d6a320f5fb5293f	raphael/Series/Cabocla	6a8b7f8f5a0928dc05f6f3a9	ObjectId:6ab31afa36783409c9924fee	True
6aafb619f7690c13ea8039b3	raphael/Series/Café com Aroma de Mulher	6a8b7f8f5a0928dc05f6f3a9	ObjectId:6ab31afa36783409c9924fee	True
6ab07ecab04b288fb4b27baa	raphael/Series/Cair em Tentação	6a8b7f8f5a0928dc05f6f3a9	ObjectId:6ab31afa36783409c9924fee	True
6ab07f3db04b288fb4b27c76	raphael/Series/Cama de Gato	6a8b7f8f5a0928dc05f6f3a9	ObjectId:6ab31afa36783409c9924fee	True
6aafb650f7690c13ea803a1a	raphael/Series/Caminho das Índias	6a8b7f8f5a0928dc05f6f3a9	ObjectId:6ab31afa36783409c9924fee	True
6aaeb3d42d6a320f5fb52962	raphael/Series/Caras e Bocas	6a8b7f8f5a0928dc05f6f3a9	ObjectId:6ab31afa36783409c9924fee	True
6aaeb3eb2d6a320f5fb529ce	raphael/Series/Celebridade	6a8b7f8f5a0928dc05f6f3a9	ObjectId:6ab31afa36783409c9924fee	True
6aaeb4032d6a320f5fb52a1b	raphael/Series/Cheias de Charme	6a8b7f8f5a0928dc05f6f3a9	ObjectId:6ab31afa36783409c9924fee	True
6ab083d8e72bf158295f1277	raphael/Series/Chiquititas (1997)	6a8b7f8f5a0928dc05f6f3a9	ObjectId:6ab31afa36783409c9924fee	True
6ab0847ae72bf158295f13b1	raphael/Series/Chocolate	6a8b7f8f5a0928dc05f6f3a9	ObjectId:6ab31afa36783409c9924fee	True
6aaeb4152d6a320f5fb52a67	raphael/Series/Chocolate com Pimenta	6a8b7f8f5a0928dc05f6f3a9	ObjectId:6ab31afa36783409c9924fee	True
6ab08735e72bf158295f1876	raphael/Series/Ciranda de Pedra	6a8b7f8f5a0928dc05f6f3a9	ObjectId:6ab31afa36783409c9924fee	True
6aafbca0f7690c13ea804764	raphael/Series/Cobras e Lagartos	6a8b7f8f5a0928dc05f6f3a9	ObjectId:6ab31afa36783409c9924fee	True
6ab0879ae72bf158295f18ec	raphael/Series/Colisão	6a8b7f8f5a0928dc05f6f3a9	ObjectId:6ab31afa36783409c9924fee	True
6aafbd54f7690c13ea804908	raphael/Series/Coração Marcado	6a8b7f8f5a0928dc05f6f3a9	ObjectId:6ab31afa36783409c9924fee	True
6ab0a62572526d991c7b4f7b	raphael/Series/Cristal (2006)	6a8b7f8f5a0928dc05f6f3a9	ObjectId:6ab31afa36783409c9924fee	True
6ab01463f7690c13ea80dcaa	raphael/Series/Cúmplices de um Resgate	6a8b7f8f5a0928dc05f6f3a9	ObjectId:6ab31afa36783409c9924fee	True
6aafc01df7690c13ea804e5e	raphael/Series/Da Cor do Pecado	6a8b7f8f5a0928dc05f6f3a9	ObjectId:6ab31afa36783409c9924fee	True
6aafc1bef7690c13ea805202	raphael/Series/Deus Salve o Rei	6a8b7f8f5a0928dc05f6f3a9	ObjectId:6ab31afa36783409c9924fee	True
6aafc4abf7690c13ea8058c8	raphael/Series/Duas Caras	6a8b7f8f5a0928dc05f6f3a9	ObjectId:6ab31afa36783409c9924fee	True
6aafc7f8f7690c13ea805ea4	raphael/Series/Em Família	6a8b7f8f5a0928dc05f6f3a9	ObjectId:6ab31afa36783409c9924fee	True
6ab045aadf06776bfe0b5ef1	raphael/Series/Éramos Seis	6a8b7f8f5a0928dc05f6f3a9	ObjectId:6ab31afa36783409c9924fee	True
6aafc8eef7690c13ea8060c2	raphael/Series/Escrava Mãe	6a8b7f8f5a0928dc05f6f3a9	ObjectId:6ab31afa36783409c9924fee	True
6aafc6bef7690c13ea805d02	raphael/Series/Espelho da Vida	6a8b7f8f5a0928dc05f6f3a9	ObjectId:6ab31afa36783409c9924fee	True
6aafc780f7690c13ea805d9f	raphael/Series/Estrela-Guia	6a8b7f8f5a0928dc05f6f3a9	ObjectId:6ab31afa36783409c9924fee	True
6ab04539df06776bfe0b5dfe	raphael/Series/Êta Mundo Bom!	6a8b7f8f5a0928dc05f6f3a9	ObjectId:6ab31afa36783409c9924fee	True
6aafca02f7690c13ea8062ea	raphael/Series/Explode Coração	6a8b7f8f5a0928dc05f6f3a9	ObjectId:6ab31afa36783409c9924fee	True
6aafce2cf7690c13ea806b72	raphael/Series/Felicidade	6a8b7f8f5a0928dc05f6f3a9	ObjectId:6ab31afa36783409c9924fee	True
6aafd093f7690c13ea80704b	raphael/Series/Fera Radical	6a8b7f8f5a0928dc05f6f3a9	ObjectId:6ab31afa36783409c9924fee	True
6aafcee1f7690c13ea806cf1	raphael/Series/Fina Estampa	6a8b7f8f5a0928dc05f6f3a9	ObjectId:6ab31afa36783409c9924fee	True
6a8ca046765a5b992ed9ba12	raphael/Series/Fuzuê	/raphael/Series	ObjectId:6ab31afa36783409c9924fee	True
6a8c82cc958b8f07104f2318	raphael/Series/Fuzuê/Season 01/Fuzuê - S01E121.mkv	/raphael/Series/Fuzuê/Season 01	/raphael/Novelas/Fuzuê/Season 01	False
6a8ca046765a5b992ed9ba13	raphael/Series/Fuzuê/Season 01	/raphael/Series/Fuzuê	/raphael/Novelas/Fuzuê	False
6aafcd9bf7690c13ea806a63	raphael/Series/Gabriela	6a8b7f8f5a0928dc05f6f3a9	ObjectId:6ab31afa36783409c9924fee	True
6aafd6c9f7690c13ea807bcd	raphael/Series/Gênesis	6a8b7f8f5a0928dc05f6f3a9	ObjectId:6ab31afa36783409c9924fee	True
6aafcf54f7690c13ea806dec	raphael/Series/Geração Brasil	6a8b7f8f5a0928dc05f6f3a9	ObjectId:6ab31afa36783409c9924fee	True
6aafd65bf7690c13ea807b15	raphael/Series/Guerra dos Sexos	6a8b7f8f5a0928dc05f6f3a9	ObjectId:6ab31afa36783409c9924fee	True
6aafda2ef7690c13ea80821a	raphael/Series/Haja Coração	6a8b7f8f5a0928dc05f6f3a9	ObjectId:6ab31afa36783409c9924fee	True
6aafdc57f7690c13ea8085e6	raphael/Series/Hilda Furacão	6a8b7f8f5a0928dc05f6f3a9	ObjectId:6ab31afa36783409c9924fee	True
6aafd9acf7690c13ea808120	raphael/Series/I Love Paraisópolis	6a8b7f8f5a0928dc05f6f3a9	ObjectId:6ab31afa36783409c9924fee	True
6aafdaf5f7690c13ea80834c	raphael/Series/Império	6a8b7f8f5a0928dc05f6f3a9	ObjectId:6ab31afa36783409c9924fee	True
6ab045d6df06776bfe0b5f5d	raphael/Series/Império de Mentiras	6a8b7f8f5a0928dc05f6f3a9	ObjectId:6ab31afa36783409c9924fee	True
6aafdc9ff7690c13ea80865a	raphael/Series/Insensato Coração	6a8b7f8f5a0928dc05f6f3a9	ObjectId:6ab31afa36783409c9924fee	True
6aafe050f7690c13ea808cd1	raphael/Series/Jezabel	6a8b7f8f5a0928dc05f6f3a9	ObjectId:6ab31afa36783409c9924fee	True
6aafe37bf7690c13ea8091cb	raphael/Series/Kubanacan	6a8b7f8f5a0928dc05f6f3a9	ObjectId:6ab31afa36783409c9924fee	True
6aafe7aef7690c13ea809958	raphael/Series/Laços de Família	6a8b7f8f5a0928dc05f6f3a9	ObjectId:6ab31afa36783409c9924fee	True
6aafe9bdf7690c13ea809ce1	raphael/Series/Liberdade	6a8b7f8f5a0928dc05f6f3a9	ObjectId:6ab31afa36783409c9924fee	True
6aafe999f7690c13ea809c9d	raphael/Series/Liberdade, Liberdade	6a8b7f8f5a0928dc05f6f3a9	ObjectId:6ab31afa36783409c9924fee	True
6aafebcdf7690c13ea80a044	raphael/Series/Lua Cheia de Amor	6a8b7f8f5a0928dc05f6f3a9	ObjectId:6ab31afa36783409c9924fee	True
6aafe9cff7690c13ea809d09	raphael/Series/Malhação - vidas brasileiras	6a8b7f8f5a0928dc05f6f3a9	ObjectId:6ab31afa36783409c9924fee	True
6aafea85f7690c13ea809e4b	raphael/Series/Malhação (2010)	6a8b7f8f5a0928dc05f6f3a9	ObjectId:6ab31afa36783409c9924fee	True
6aaf7deaf7690c13ea8000ef	raphael/Series/Malhação (2012)	6a8b7f8f5a0928dc05f6f3a9	ObjectId:6ab31afa36783409c9924fee	True
6aaf2aedf7690c13ea7fff66	raphael/Series/Malhação (2014)	6a8b7f8f5a0928dc05f6f3a9	ObjectId:6ab31afa36783409c9924fee	True
6aaf3705f7690c13ea7fffad	raphael/Series/Malhação (2014)/Season 04/Malhação (2014) - S04E10.mkv	/raphael/Series/Malhação (2014)/Season 04	/raphael/Novelas/Malhação (2014)/Season 04	False
6aafeb7af7690c13ea809fb4	raphael/Series/Malhação Viva a Diferença	6a8b7f8f5a0928dc05f6f3a9	ObjectId:6ab31afa36783409c9924fee	True
6a8ca046765a5b992ed9ba09	raphael/Series/Mania de Você	/raphael/Series	ObjectId:6ab31afa36783409c9924fee	True
6a8ca046765a5b992ed9ba0a	raphael/Series/Mania de Você/Season 01	/raphael/Series/Mania de Você	/raphael/Novelas/Mania de Você	False
6a8c82cc958b8f07104f2320	raphael/Series/Mania de Você/Season 01/Mania de Você - S01E158.mkv	/raphael/Series/Mania de Você/Season 01	/raphael/Novelas/Mania de Você/Season 01	False
6aaff118f7690c13ea80a8d4	raphael/Series/Maria do Bairro	6a8b7f8f5a0928dc05f6f3a9	ObjectId:6ab31afa36783409c9924fee	True
6aafee93f7690c13ea80a4e7	raphael/Series/Marimar	6a8b7f8f5a0928dc05f6f3a9	ObjectId:6ab31afa36783409c9924fee	True
6aaff595f7690c13ea80af84	raphael/Series/Meu Bem, Meu Mal	6a8b7f8f5a0928dc05f6f3a9	ObjectId:6ab31afa36783409c9924fee	True
6aaff1bbf7690c13ea80a9a1	raphael/Series/Morde e Assopra	6a8b7f8f5a0928dc05f6f3a9	ObjectId:6ab31afa36783409c9924fee	True
6aaff2e4f7690c13ea80ab5c	raphael/Series/Mulheres Apaixonadas	6a8b7f8f5a0928dc05f6f3a9	ObjectId:6ab31afa36783409c9924fee	True
6aaff7cbf7690c13ea80b2e2	raphael/Series/Mulheres de Areia	6a8b7f8f5a0928dc05f6f3a9	ObjectId:6ab31afa36783409c9924fee	True
6aaff859f7690c13ea80b3c1	raphael/Series/Novo Mundo	6a8b7f8f5a0928dc05f6f3a9	ObjectId:6ab31afa36783409c9924fee	True
6aaff91cf7690c13ea80b4f9	raphael/Series/O Bem-Amado	6a8b7f8f5a0928dc05f6f3a9	ObjectId:6ab31afa36783409c9924fee	True
6aaff97bf7690c13ea80b57f	raphael/Series/O Clone	6a8b7f8f5a0928dc05f6f3a9	ObjectId:6ab31afa36783409c9924fee	True
6aaff9e3f7690c13ea80b60e	raphael/Series/O Cravo e a Rosa	6a8b7f8f5a0928dc05f6f3a9	ObjectId:6ab31afa36783409c9924fee	True
6aaffb1df7690c13ea80b81f	raphael/Series/O Outro Lado do Paraíso	6a8b7f8f5a0928dc05f6f3a9	ObjectId:6ab31afa36783409c9924fee	True
6aaffeb6f7690c13ea80bdaf	raphael/Series/O Profeta	6a8b7f8f5a0928dc05f6f3a9	ObjectId:6ab31afa36783409c9924fee	True
6aaffe28f7690c13ea80bcce	raphael/Series/O Rebu	6a8b7f8f5a0928dc05f6f3a9	ObjectId:6ab31afa36783409c9924fee	True
6aaffc76f7690c13ea80ba2e	raphael/Series/O Rei do Gado	6a8b7f8f5a0928dc05f6f3a9	ObjectId:6ab31afa36783409c9924fee	True
6aaffd23f7690c13ea80bb31	raphael/Series/O Rico e Lázaro	6a8b7f8f5a0928dc05f6f3a9	ObjectId:6ab31afa36783409c9924fee	True
6ab0463cdf06776bfe0b602e	raphael/Series/O Salvador da Pátria	6a8b7f8f5a0928dc05f6f3a9	ObjectId:6ab31afa36783409c9924fee	True
6ab0016bf7690c13ea80c1b7	raphael/Series/O Sétimo Guardião	6a8b7f8f5a0928dc05f6f3a9	ObjectId:6ab31afa36783409c9924fee	True
6ab0021af7690c13ea80c2b1	raphael/Series/O11ZE	6a8b7f8f5a0928dc05f6f3a9	ObjectId:6ab31afa36783409c9924fee	True
6ab000d9f7690c13ea80c0de	raphael/Series/Operação Pacífico	6a8b7f8f5a0928dc05f6f3a9	ObjectId:6ab31afa36783409c9924fee	True
6ab00120f7690c13ea80c149	raphael/Series/Orgulho e Paixão	6a8b7f8f5a0928dc05f6f3a9	ObjectId:6ab31afa36783409c9924fee	True
6ab003bcf7690c13ea80c50e	raphael/Series/Os Dez Mandamentos	6a8b7f8f5a0928dc05f6f3a9	ObjectId:6ab31afa36783409c9924fee	True
6ab002ebf7690c13ea80c3fb	raphael/Series/Os Inocentes	6a8b7f8f5a0928dc05f6f3a9	ObjectId:6ab31afa36783409c9924fee	True
6ab259a4c855b6561fe85672	raphael/Series/Os Ricos Também Choram (2022)	6a8b7f8f5a0928dc05f6f3a9	ObjectId:6ab31afa36783409c9924fee	True
6aaf8d35f7690c13ea8002cf	raphael/Series/Pacto de Sangue	6a8b7f8f5a0928dc05f6f3a9	ObjectId:6ab31afa36783409c9924fee	True
6ab00cddf7690c13ea80d247	raphael/Series/Páginas da Vida	6a8b7f8f5a0928dc05f6f3a9	ObjectId:6ab31afa36783409c9924fee	True
6ab00844f7690c13ea80cbcd	raphael/Series/Pantanal	6a8b7f8f5a0928dc05f6f3a9	ObjectId:6ab31afa36783409c9924fee	True
6ab00cd6f7690c13ea80d23d	raphael/Series/Pátria	6a8b7f8f5a0928dc05f6f3a9	ObjectId:6ab31afa36783409c9924fee	True
6ab00795f7690c13ea80ca9d	raphael/Series/Pedra Sobre Pedra	6a8b7f8f5a0928dc05f6f3a9	ObjectId:6ab31afa36783409c9924fee	True
6ab046dedf06776bfe0b6123	raphael/Series/Pega Pega	6a8b7f8f5a0928dc05f6f3a9	ObjectId:6ab31afa36783409c9924fee	True
6ab009eaf7690c13ea80ce4d	raphael/Series/Por Amor	6a8b7f8f5a0928dc05f6f3a9	ObjectId:6ab31afa36783409c9924fee	True
6ab00a41f7690c13ea80ceb8	raphael/Series/Porto dos Milagres	6a8b7f8f5a0928dc05f6f3a9	ObjectId:6ab31afa36783409c9924fee	True
6ab00c2df7690c13ea80d15a	raphael/Series/Quatro por Quatro	6a8b7f8f5a0928dc05f6f3a9	ObjectId:6ab31afa36783409c9924fee	True
6ab00fa4f7690c13ea80d614	raphael/Series/Que Rei Sou Eu_	6a8b7f8f5a0928dc05f6f3a9	ObjectId:6ab31afa36783409c9924fee	True
6ab0106cf7690c13ea80d741	raphael/Series/Renascer (1993)	6a8b7f8f5a0928dc05f6f3a9	ObjectId:6ab31afa36783409c9924fee	True
6ab1a4ea2542ff651801f4d6	raphael/Series/Renascer (2024)	6a8b7f8f5a0928dc05f6f3a9	ObjectId:6ab31afa36783409c9924fee	True
6ab01354f7690c13ea80db32	raphael/Series/Rock Story	6a8b7f8f5a0928dc05f6f3a9	ObjectId:6ab31afa36783409c9924fee	True
6ab016a1f7690c13ea80df91	raphael/Series/Roda de Fogo	6a8b7f8f5a0928dc05f6f3a9	ObjectId:6ab31afa36783409c9924fee	True
6ab0173ff7690c13ea80e04b	raphael/Series/Roque Santeiro	6a8b7f8f5a0928dc05f6f3a9	ObjectId:6ab31afa36783409c9924fee	True
6ab018fdf7690c13ea80e281	raphael/Series/Rubí	6a8b7f8f5a0928dc05f6f3a9	ObjectId:6ab31afa36783409c9924fee	True
6ab012bff7690c13ea80da81	raphael/Series/Salve Jorge	6a8b7f8f5a0928dc05f6f3a9	ObjectId:6ab31afa36783409c9924fee	True
6ab017d4f7690c13ea80e109	raphael/Series/Salve-se Quem Puder	6a8b7f8f5a0928dc05f6f3a9	ObjectId:6ab31afa36783409c9924fee	True
6ab014e7f7690c13ea80dd68	raphael/Series/Sangue Bom	6a8b7f8f5a0928dc05f6f3a9	ObjectId:6ab31afa36783409c9924fee	True
6ab0195af7690c13ea80e30f	raphael/Series/Sassaricando	6a8b7f8f5a0928dc05f6f3a9	ObjectId:6ab31afa36783409c9924fee	True
6ab01ae7f7690c13ea80e547	raphael/Series/Segundo Sol	6a8b7f8f5a0928dc05f6f3a9	ObjectId:6ab31afa36783409c9924fee	True
6ab01bacf7690c13ea80e642	raphael/Series/Selva de Pedra	6a8b7f8f5a0928dc05f6f3a9	ObjectId:6ab31afa36783409c9924fee	True
6ab01ceaf7690c13ea80e7d1	raphael/Series/Senhora do Destino	6a8b7f8f5a0928dc05f6f3a9	ObjectId:6ab31afa36783409c9924fee	True
6ab02c3ddf06776bfe0b29b7	raphael/Series/Sete Vidas	6a8b7f8f5a0928dc05f6f3a9	ObjectId:6ab31afa36783409c9924fee	True
6ab02d09df06776bfe0b2b56	raphael/Series/Sinhá Moça	6a8b7f8f5a0928dc05f6f3a9	ObjectId:6ab31afa36783409c9924fee	True
6ab02e08df06776bfe0b2e0d	raphael/Series/Sol Nascente	6a8b7f8f5a0928dc05f6f3a9	ObjectId:6ab31afa36783409c9924fee	True
6ab047aedf06776bfe0b627c	raphael/Series/Terra Nostra	6a8b7f8f5a0928dc05f6f3a9	ObjectId:6ab31afa36783409c9924fee	True
6ab0d5031a0a0540e9f65c07	raphael/Series/Vale Tudo (2025)	6a8b7f8f5a0928dc05f6f3a9	ObjectId:6ab31afa36783409c9924fee	True
6ab0d50352448e411cfcea7b	raphael/Series/Vale Tudo (2025)/Season 01/Vale Tudo (2025) - S01E01.mkv	/raphael/Series/Vale Tudo (2025)/Season 01	/raphael/Novelas/Vale Tudo (2025)/Season 01	False
6ab0d58052448e411cfcea7c	raphael/Series/Vale Tudo (2025)/Season 01/Vale Tudo (2025) - S01E02.mkv	/raphael/Series/Vale Tudo (2025)/Season 01	/raphael/Novelas/Vale Tudo (2025)/Season 01	False
6ab0d60b52448e411cfcea7d	raphael/Series/Vale Tudo (2025)/Season 01/Vale Tudo (2025) - S01E04.mkv	/raphael/Series/Vale Tudo (2025)/Season 01	/raphael/Novelas/Vale Tudo (2025)/Season 01	False
6ab0d64b52448e411cfcea7e	raphael/Series/Vale Tudo (2025)/Season 01/Vale Tudo (2025) - S01E05.mkv	/raphael/Series/Vale Tudo (2025)/Season 01	/raphael/Novelas/Vale Tudo (2025)/Season 01	False
6ab0d68452448e411cfcea7f	raphael/Series/Vale Tudo (2025)/Season 01/Vale Tudo (2025) - S01E06.mkv	/raphael/Series/Vale Tudo (2025)/Season 01	/raphael/Novelas/Vale Tudo (2025)/Season 01	False
6ab0d6c252448e411cfcea80	raphael/Series/Vale Tudo (2025)/Season 01/Vale Tudo (2025) - S01E07.mkv	/raphael/Series/Vale Tudo (2025)/Season 01	/raphael/Novelas/Vale Tudo (2025)/Season 01	False
6ab0d70352448e411cfcea81	raphael/Series/Vale Tudo (2025)/Season 01/Vale Tudo (2025) - S01E08.mkv	/raphael/Series/Vale Tudo (2025)/Season 01	/raphael/Novelas/Vale Tudo (2025)/Season 01	False
6ab0d73152448e411cfcea82	raphael/Series/Vale Tudo (2025)/Season 01/Vale Tudo (2025) - S01E09.mkv	/raphael/Series/Vale Tudo (2025)/Season 01	/raphael/Novelas/Vale Tudo (2025)/Season 01	False
6ab0d77a52448e411cfcea83	raphael/Series/Vale Tudo (2025)/Season 01/Vale Tudo (2025) - S01E10.mkv	/raphael/Series/Vale Tudo (2025)/Season 01	/raphael/Novelas/Vale Tudo (2025)/Season 01	False
6ab0d7eb52448e411cfcea84	raphael/Series/Vale Tudo (2025)/Season 01/Vale Tudo (2025) - S01E100.mkv	/raphael/Series/Vale Tudo (2025)/Season 01	/raphael/Novelas/Vale Tudo (2025)/Season 01	False
6ab0d84e52448e411cfcea85	raphael/Series/Vale Tudo (2025)/Season 01/Vale Tudo (2025) - S01E101.mkv	/raphael/Series/Vale Tudo (2025)/Season 01	/raphael/Novelas/Vale Tudo (2025)/Season 01	False
6ab0d8c452448e411cfcea86	raphael/Series/Vale Tudo (2025)/Season 01/Vale Tudo (2025) - S01E102.mkv	/raphael/Series/Vale Tudo (2025)/Season 01	/raphael/Novelas/Vale Tudo (2025)/Season 01	False
6ab0d96a52448e411cfcea87	raphael/Series/Vale Tudo (2025)/Season 01/Vale Tudo (2025) - S01E103.mkv	/raphael/Series/Vale Tudo (2025)/Season 01	/raphael/Novelas/Vale Tudo (2025)/Season 01	False
6ab0da0652448e411cfcea88	raphael/Series/Vale Tudo (2025)/Season 01/Vale Tudo (2025) - S01E104.mkv	/raphael/Series/Vale Tudo (2025)/Season 01	/raphael/Novelas/Vale Tudo (2025)/Season 01	False
6ab0da5052448e411cfcea89	raphael/Series/Vale Tudo (2025)/Season 01/Vale Tudo (2025) - S01E105.mkv	/raphael/Series/Vale Tudo (2025)/Season 01	/raphael/Novelas/Vale Tudo (2025)/Season 01	False
6ab0daab52448e411cfcea8a	raphael/Series/Vale Tudo (2025)/Season 01/Vale Tudo (2025) - S01E106.mkv	/raphael/Series/Vale Tudo (2025)/Season 01	/raphael/Novelas/Vale Tudo (2025)/Season 01	False
6ab0db3752448e411cfcea8b	raphael/Series/Vale Tudo (2025)/Season 01/Vale Tudo (2025) - S01E107.mkv	/raphael/Series/Vale Tudo (2025)/Season 01	/raphael/Novelas/Vale Tudo (2025)/Season 01	False
6ab0dbd752448e411cfcea8c	raphael/Series/Vale Tudo (2025)/Season 01/Vale Tudo (2025) - S01E108.mkv	/raphael/Series/Vale Tudo (2025)/Season 01	/raphael/Novelas/Vale Tudo (2025)/Season 01	False
6ab0dc3852448e411cfcea8d	raphael/Series/Vale Tudo (2025)/Season 01/Vale Tudo (2025) - S01E109.mkv	/raphael/Series/Vale Tudo (2025)/Season 01	/raphael/Novelas/Vale Tudo (2025)/Season 01	False
6ab0dcbf52448e411cfcea8e	raphael/Series/Vale Tudo (2025)/Season 01/Vale Tudo (2025) - S01E11.mkv	/raphael/Series/Vale Tudo (2025)/Season 01	/raphael/Novelas/Vale Tudo (2025)/Season 01	False
6ab0dd3052448e411cfcea8f	raphael/Series/Vale Tudo (2025)/Season 01/Vale Tudo (2025) - S01E110.mkv	/raphael/Series/Vale Tudo (2025)/Season 01	/raphael/Novelas/Vale Tudo (2025)/Season 01	False
6ab0dd7052448e411cfcea90	raphael/Series/Vale Tudo (2025)/Season 01/Vale Tudo (2025) - S01E111.mkv	/raphael/Series/Vale Tudo (2025)/Season 01	/raphael/Novelas/Vale Tudo (2025)/Season 01	False
6ab0ddce52448e411cfcea91	raphael/Series/Vale Tudo (2025)/Season 01/Vale Tudo (2025) - S01E112.mkv	/raphael/Series/Vale Tudo (2025)/Season 01	/raphael/Novelas/Vale Tudo (2025)/Season 01	False
6ab0de1d52448e411cfcea92	raphael/Series/Vale Tudo (2025)/Season 01/Vale Tudo (2025) - S01E113.mkv	/raphael/Series/Vale Tudo (2025)/Season 01	/raphael/Novelas/Vale Tudo (2025)/Season 01	False
6ab0de9952448e411cfcea93	raphael/Series/Vale Tudo (2025)/Season 01/Vale Tudo (2025) - S01E114.mkv	/raphael/Series/Vale Tudo (2025)/Season 01	/raphael/Novelas/Vale Tudo (2025)/Season 01	False
6ab0df1e52448e411cfcea94	raphael/Series/Vale Tudo (2025)/Season 01/Vale Tudo (2025) - S01E115.mkv	/raphael/Series/Vale Tudo (2025)/Season 01	/raphael/Novelas/Vale Tudo (2025)/Season 01	False
6ab0df7352448e411cfcea95	raphael/Series/Vale Tudo (2025)/Season 01/Vale Tudo (2025) - S01E116.mkv	/raphael/Series/Vale Tudo (2025)/Season 01	/raphael/Novelas/Vale Tudo (2025)/Season 01	False
6ab0dfbb52448e411cfcea96	raphael/Series/Vale Tudo (2025)/Season 01/Vale Tudo (2025) - S01E117.mkv	/raphael/Series/Vale Tudo (2025)/Season 01	/raphael/Novelas/Vale Tudo (2025)/Season 01	False
6ab0e01b52448e411cfcea97	raphael/Series/Vale Tudo (2025)/Season 01/Vale Tudo (2025) - S01E118.mkv	/raphael/Series/Vale Tudo (2025)/Season 01	/raphael/Novelas/Vale Tudo (2025)/Season 01	False
6ab0e06652448e411cfcea98	raphael/Series/Vale Tudo (2025)/Season 01/Vale Tudo (2025) - S01E119.mkv	/raphael/Series/Vale Tudo (2025)/Season 01	/raphael/Novelas/Vale Tudo (2025)/Season 01	False
6ab0e0d452448e411cfcea99	raphael/Series/Vale Tudo (2025)/Season 01/Vale Tudo (2025) - S01E12.mkv	/raphael/Series/Vale Tudo (2025)/Season 01	/raphael/Novelas/Vale Tudo (2025)/Season 01	False
6ab0e18a52448e411cfcea9a	raphael/Series/Vale Tudo (2025)/Season 01/Vale Tudo (2025) - S01E120.mkv	/raphael/Series/Vale Tudo (2025)/Season 01	/raphael/Novelas/Vale Tudo (2025)/Season 01	False
6ab0e1e852448e411cfcea9b	raphael/Series/Vale Tudo (2025)/Season 01/Vale Tudo (2025) - S01E121.mkv	/raphael/Series/Vale Tudo (2025)/Season 01	/raphael/Novelas/Vale Tudo (2025)/Season 01	False
6ab0e24652448e411cfcea9c	raphael/Series/Vale Tudo (2025)/Season 01/Vale Tudo (2025) - S01E122.mkv	/raphael/Series/Vale Tudo (2025)/Season 01	/raphael/Novelas/Vale Tudo (2025)/Season 01	False
6ab0e28352448e411cfcea9d	raphael/Series/Vale Tudo (2025)/Season 01/Vale Tudo (2025) - S01E123.mkv	/raphael/Series/Vale Tudo (2025)/Season 01	/raphael/Novelas/Vale Tudo (2025)/Season 01	False
6ab0e31e52448e411cfcea9e	raphael/Series/Vale Tudo (2025)/Season 01/Vale Tudo (2025) - S01E124.mkv	/raphael/Series/Vale Tudo (2025)/Season 01	/raphael/Novelas/Vale Tudo (2025)/Season 01	False
6ab0e3bc52448e411cfcea9f	raphael/Series/Vale Tudo (2025)/Season 01/Vale Tudo (2025) - S01E125.mkv	/raphael/Series/Vale Tudo (2025)/Season 01	/raphael/Novelas/Vale Tudo (2025)/Season 01	False
6ab0e40f52448e411cfceaa0	raphael/Series/Vale Tudo (2025)/Season 01/Vale Tudo (2025) - S01E126.mkv	/raphael/Series/Vale Tudo (2025)/Season 01	/raphael/Novelas/Vale Tudo (2025)/Season 01	False
6ab0e49a52448e411cfceaa1	raphael/Series/Vale Tudo (2025)/Season 01/Vale Tudo (2025) - S01E127.mkv	/raphael/Series/Vale Tudo (2025)/Season 01	/raphael/Novelas/Vale Tudo (2025)/Season 01	False
6ab0e4fc52448e411cfceaa2	raphael/Series/Vale Tudo (2025)/Season 01/Vale Tudo (2025) - S01E128.mkv	/raphael/Series/Vale Tudo (2025)/Season 01	/raphael/Novelas/Vale Tudo (2025)/Season 01	False
6ab0e55852448e411cfceaa3	raphael/Series/Vale Tudo (2025)/Season 01/Vale Tudo (2025) - S01E129.mkv	/raphael/Series/Vale Tudo (2025)/Season 01	/raphael/Novelas/Vale Tudo (2025)/Season 01	False
6ab0e5e252448e411cfceaa4	raphael/Series/Vale Tudo (2025)/Season 01/Vale Tudo (2025) - S01E13.mkv	/raphael/Series/Vale Tudo (2025)/Season 01	/raphael/Novelas/Vale Tudo (2025)/Season 01	False
6ab0e64952448e411cfceaa5	raphael/Series/Vale Tudo (2025)/Season 01/Vale Tudo (2025) - S01E130.mkv	/raphael/Series/Vale Tudo (2025)/Season 01	/raphael/Novelas/Vale Tudo (2025)/Season 01	False
6ab0e6aa52448e411cfceaa6	raphael/Series/Vale Tudo (2025)/Season 01/Vale Tudo (2025) - S01E131.mkv	/raphael/Series/Vale Tudo (2025)/Season 01	/raphael/Novelas/Vale Tudo (2025)/Season 01	False
6ab0e71a52448e411cfceaa7	raphael/Series/Vale Tudo (2025)/Season 01/Vale Tudo (2025) - S01E132.mkv	/raphael/Series/Vale Tudo (2025)/Season 01	/raphael/Novelas/Vale Tudo (2025)/Season 01	False
6ab0e7bb52448e411cfceaa8	raphael/Series/Vale Tudo (2025)/Season 01/Vale Tudo (2025) - S01E133.mkv	/raphael/Series/Vale Tudo (2025)/Season 01	/raphael/Novelas/Vale Tudo (2025)/Season 01	False
6ab0e86552448e411cfceaa9	raphael/Series/Vale Tudo (2025)/Season 01/Vale Tudo (2025) - S01E134.mkv	/raphael/Series/Vale Tudo (2025)/Season 01	/raphael/Novelas/Vale Tudo (2025)/Season 01	False
6ab0e93b52448e411cfceaaa	raphael/Series/Vale Tudo (2025)/Season 01/Vale Tudo (2025) - S01E135.mkv	/raphael/Series/Vale Tudo (2025)/Season 01	/raphael/Novelas/Vale Tudo (2025)/Season 01	False
6ab0e98952448e411cfceaab	raphael/Series/Vale Tudo (2025)/Season 01/Vale Tudo (2025) - S01E136.mkv	/raphael/Series/Vale Tudo (2025)/Season 01	/raphael/Novelas/Vale Tudo (2025)/Season 01	False
6ab0e9e852448e411cfceaac	raphael/Series/Vale Tudo (2025)/Season 01/Vale Tudo (2025) - S01E137.mkv	/raphael/Series/Vale Tudo (2025)/Season 01	/raphael/Novelas/Vale Tudo (2025)/Season 01	False
6ab0ea4c52448e411cfceaad	raphael/Series/Vale Tudo (2025)/Season 01/Vale Tudo (2025) - S01E138.mkv	/raphael/Series/Vale Tudo (2025)/Season 01	/raphael/Novelas/Vale Tudo (2025)/Season 01	False
6ab0eab052448e411cfceaae	raphael/Series/Vale Tudo (2025)/Season 01/Vale Tudo (2025) - S01E139.mkv	/raphael/Series/Vale Tudo (2025)/Season 01	/raphael/Novelas/Vale Tudo (2025)/Season 01	False
6ab0eb3652448e411cfceaaf	raphael/Series/Vale Tudo (2025)/Season 01/Vale Tudo (2025) - S01E14.mkv	/raphael/Series/Vale Tudo (2025)/Season 01	/raphael/Novelas/Vale Tudo (2025)/Season 01	False
6ab0ebae52448e411cfceab0	raphael/Series/Vale Tudo (2025)/Season 01/Vale Tudo (2025) - S01E140.mkv	/raphael/Series/Vale Tudo (2025)/Season 01	/raphael/Novelas/Vale Tudo (2025)/Season 01	False
6ab0ec2952448e411cfceab1	raphael/Series/Vale Tudo (2025)/Season 01/Vale Tudo (2025) - S01E141.mkv	/raphael/Series/Vale Tudo (2025)/Season 01	/raphael/Novelas/Vale Tudo (2025)/Season 01	False
6ab0ec6c52448e411cfceab2	raphael/Series/Vale Tudo (2025)/Season 01/Vale Tudo (2025) - S01E142.mkv	/raphael/Series/Vale Tudo (2025)/Season 01	/raphael/Novelas/Vale Tudo (2025)/Season 01	False
6ab0ecf152448e411cfceab3	raphael/Series/Vale Tudo (2025)/Season 01/Vale Tudo (2025) - S01E143.mkv	/raphael/Series/Vale Tudo (2025)/Season 01	/raphael/Novelas/Vale Tudo (2025)/Season 01	False
6ab0eeb352448e411cfceab4	raphael/Series/Vale Tudo (2025)/Season 01/Vale Tudo (2025) - S01E144.mkv	/raphael/Series/Vale Tudo (2025)/Season 01	/raphael/Novelas/Vale Tudo (2025)/Season 01	False
6ab0f0a552448e411cfceab5	raphael/Series/Vale Tudo (2025)/Season 01/Vale Tudo (2025) - S01E145.mkv	/raphael/Series/Vale Tudo (2025)/Season 01	/raphael/Novelas/Vale Tudo (2025)/Season 01	False
6ab0f10552448e411cfceab6	raphael/Series/Vale Tudo (2025)/Season 01/Vale Tudo (2025) - S01E146.mkv	/raphael/Series/Vale Tudo (2025)/Season 01	/raphael/Novelas/Vale Tudo (2025)/Season 01	False
6ab0f79152448e411cfceab7	raphael/Series/Vale Tudo (2025)/Season 01/Vale Tudo (2025) - S01E147.mkv	/raphael/Series/Vale Tudo (2025)/Season 01	/raphael/Novelas/Vale Tudo (2025)/Season 01	False
6ab0f9de52448e411cfceab8	raphael/Series/Vale Tudo (2025)/Season 01/Vale Tudo (2025) - S01E148.mkv	/raphael/Series/Vale Tudo (2025)/Season 01	/raphael/Novelas/Vale Tudo (2025)/Season 01	False
6ab0fbf152448e411cfceab9	raphael/Series/Vale Tudo (2025)/Season 01/Vale Tudo (2025) - S01E15.mkv	/raphael/Series/Vale Tudo (2025)/Season 01	/raphael/Novelas/Vale Tudo (2025)/Season 01	False
6ab0fd4852448e411cfceaba	raphael/Series/Vale Tudo (2025)/Season 01/Vale Tudo (2025) - S01E150.mkv	/raphael/Series/Vale Tudo (2025)/Season 01	/raphael/Novelas/Vale Tudo (2025)/Season 01	False
6ab0fe9f52448e411cfceabb	raphael/Series/Vale Tudo (2025)/Season 01/Vale Tudo (2025) - S01E151.mkv	/raphael/Series/Vale Tudo (2025)/Season 01	/raphael/Novelas/Vale Tudo (2025)/Season 01	False
6ab0ff9e52448e411cfceabc	raphael/Series/Vale Tudo (2025)/Season 01/Vale Tudo (2025) - S01E152.mkv	/raphael/Series/Vale Tudo (2025)/Season 01	/raphael/Novelas/Vale Tudo (2025)/Season 01	False
6ab1009952448e411cfceabd	raphael/Series/Vale Tudo (2025)/Season 01/Vale Tudo (2025) - S01E153.mkv	/raphael/Series/Vale Tudo (2025)/Season 01	/raphael/Novelas/Vale Tudo (2025)/Season 01	False
6ab1028552448e411cfceabe	raphael/Series/Vale Tudo (2025)/Season 01/Vale Tudo (2025) - S01E154.mkv	/raphael/Series/Vale Tudo (2025)/Season 01	/raphael/Novelas/Vale Tudo (2025)/Season 01	False
6ab104fe52448e411cfceabf	raphael/Series/Vale Tudo (2025)/Season 01/Vale Tudo (2025) - S01E155.mkv	/raphael/Series/Vale Tudo (2025)/Season 01	/raphael/Novelas/Vale Tudo (2025)/Season 01	False
6ab106c752448e411cfceac0	raphael/Series/Vale Tudo (2025)/Season 01/Vale Tudo (2025) - S01E156.mkv	/raphael/Series/Vale Tudo (2025)/Season 01	/raphael/Novelas/Vale Tudo (2025)/Season 01	False
6ab1098652448e411cfceac1	raphael/Series/Vale Tudo (2025)/Season 01/Vale Tudo (2025) - S01E157.mkv	/raphael/Series/Vale Tudo (2025)/Season 01	/raphael/Novelas/Vale Tudo (2025)/Season 01	False
6ab10b1652448e411cfceac2	raphael/Series/Vale Tudo (2025)/Season 01/Vale Tudo (2025) - S01E158.mkv	/raphael/Series/Vale Tudo (2025)/Season 01	/raphael/Novelas/Vale Tudo (2025)/Season 01	False
6ab10ccb52448e411cfceac3	raphael/Series/Vale Tudo (2025)/Season 01/Vale Tudo (2025) - S01E159.mkv	/raphael/Series/Vale Tudo (2025)/Season 01	/raphael/Novelas/Vale Tudo (2025)/Season 01	False
6ab10e2f52448e411cfceac4	raphael/Series/Vale Tudo (2025)/Season 01/Vale Tudo (2025) - S01E16.mkv	/raphael/Series/Vale Tudo (2025)/Season 01	/raphael/Novelas/Vale Tudo (2025)/Season 01	False
6ab112d652448e411cfceac5	raphael/Series/Vale Tudo (2025)/Season 01/Vale Tudo (2025) - S01E160.mkv	/raphael/Series/Vale Tudo (2025)/Season 01	/raphael/Novelas/Vale Tudo (2025)/Season 01	False
6ab114b652448e411cfceac6	raphael/Series/Vale Tudo (2025)/Season 01/Vale Tudo (2025) - S01E161.mkv	/raphael/Series/Vale Tudo (2025)/Season 01	/raphael/Novelas/Vale Tudo (2025)/Season 01	False
6ab116e852448e411cfceac7	raphael/Series/Vale Tudo (2025)/Season 01/Vale Tudo (2025) - S01E162.mkv	/raphael/Series/Vale Tudo (2025)/Season 01	/raphael/Novelas/Vale Tudo (2025)/Season 01	False
6ab1187f52448e411cfceac8	raphael/Series/Vale Tudo (2025)/Season 01/Vale Tudo (2025) - S01E163.mkv	/raphael/Series/Vale Tudo (2025)/Season 01	/raphael/Novelas/Vale Tudo (2025)/Season 01	False
6ab11bae52448e411cfceac9	raphael/Series/Vale Tudo (2025)/Season 01/Vale Tudo (2025) - S01E164.mkv	/raphael/Series/Vale Tudo (2025)/Season 01	/raphael/Novelas/Vale Tudo (2025)/Season 01	False
6ab12243d5de3f8100cfa641	raphael/Series/Vale Tudo (2025)/Season 01/Vale Tudo (2025) - S01E03.mkv	/raphael/Series/Vale Tudo (2025)/Season 01	/raphael/Novelas/Vale Tudo (2025)/Season 01	False
6ab12305d5de3f8100cfa642	raphael/Series/Vale Tudo (2025)/Season 01/Vale Tudo (2025) - S01E149.mkv	/raphael/Series/Vale Tudo (2025)/Season 01	/raphael/Novelas/Vale Tudo (2025)/Season 01	False
6ab123dcd5de3f8100cfa643	raphael/Series/Vale Tudo (2025)/Season 01/Vale Tudo (2025) - S01E165.mkv	/raphael/Series/Vale Tudo (2025)/Season 01	/raphael/Novelas/Vale Tudo (2025)/Season 01	False
6ab1245ad5de3f8100cfa644	raphael/Series/Vale Tudo (2025)/Season 01/Vale Tudo (2025) - S01E166.mkv	/raphael/Series/Vale Tudo (2025)/Season 01	/raphael/Novelas/Vale Tudo (2025)/Season 01	False
6ab124ded5de3f8100cfa645	raphael/Series/Vale Tudo (2025)/Season 01/Vale Tudo (2025) - S01E167.mkv	/raphael/Series/Vale Tudo (2025)/Season 01	/raphael/Novelas/Vale Tudo (2025)/Season 01	False
6ab1254bd5de3f8100cfa646	raphael/Series/Vale Tudo (2025)/Season 01/Vale Tudo (2025) - S01E168.mkv	/raphael/Series/Vale Tudo (2025)/Season 01	/raphael/Novelas/Vale Tudo (2025)/Season 01	False
