"Folder"	"SeriesName"	"Genres"	"Language"	"Year"	"Source"	"InMongo"	"MongoId"
"A Caverna Encantada"	"A Caverna Encantada"	"Soap|Família|Action & Adventure|Drama"	"pt"	"2024"	"TMDb-Soap"	"True"	"6ab04b26df06776bfe0b691f"
"A Cozinheira de Castamar"	"A Cozinheira de Castamar"	"Drama|Soap"	"es"	"2021"	"TMDb-Soap"	"True"	"6ab04c97df06776bfe0b6ad5"
"A Desalmada"	"A Desalmada"	"Soap|Drama"	"es"	"2021"	"TMDb-Soap"	"True"	"6ab04d9fdf06776bfe0b6cca"
"A Dona do Pedaço"	"A Dona do Pedaço"	"Soap|Drama|Comédia|Crime"	"pt"	"2019"	"TMDb-Soap"	"True"	"6aaeb14d2d6a320f5fb51db7"
"A Era de Miyu"	"A Era de Miyu"	"Drama|Família|Soap"	"zh"	"2026"	"TMDb-Soap"	"True"	"6ab04d8adf06776bfe0b6ca4"
"A Escrava Isaura (2004)"	"A Escrava Isaura"	"Drama|Soap"	"pt"	"2004"	"TMDb-Soap"	"True"	"6ab04f49df06776bfe0b6f3a"
"A Favorita"	"A Favorita"	"Soap|Drama|Mistério"	"pt"	"2008"	"TMDb-Soap"	"True"	"6aaeb2c12d6a320f5fb523ce"
"A Força do Querer"	"A Força do Querer"	"Soap|Comédia|Drama|Crime"	"pt"	"2017"	"TMDb-Soap"	"True"	"6aaeb3102d6a320f5fb52488"
"A Gata Comeu"	"A Gata Comeu"	"Soap|Comédia"	"pt"	"1985"	"TMDb-Soap"	"True"	"6aaeb33e2d6a320f5fb5253f"
"A Indomada"	"A Indomada"	"Soap|Drama|Comédia"	"pt"	"1997"	"TMDb-Soap"	"True"	"6aafa8bcf7690c13ea801987"
"A Infância de Romeu e Julieta"	"A Infância de Romeu e Julieta"	"Drama|Família|Soap"	"pt"	"2023"	"TMDb-Soap"	"True"	"6ab056dfdf06776bfe0b7dad"
"A Lei do Amor"	"A Lei do Amor"	"Drama|Soap"	"pt"	"2016"	"TMDb-Soap"	"True"	"6aaeb2262d6a320f5fb52139"
"A Lua Me Disse"	"A Lua Me Disse"	"Soap|Comédia|Drama"	"pt"	"2005"	"TMDb-Soap"	"True"	"6ab05038df06776bfe0b71bc"
"A Mentira"	"A Mentira"	"Soap"	"es"	"1998"	"TMDb-Soap"	"True"	"6aaeb2292d6a320f5fb52152"
"A Mulher Proibida"	"A Mulher Proibida"	"Drama|Soap"	"es"	"2026"	"TMDb-Soap"	"True"	"6ab05127df06776bfe0b732f"
"A Nobreza do Amor"	"A Nobreza do Amor"	"Drama|Sci-Fi & Fantasy|Soap"	"pt"	"2026"	"TMDb-Soap"	"True"	"6ab05188df06776bfe0b73bf"
"A Nova Vida de Ana"	"A Nova Vida de Ana"	"Soap|Drama"	"es"	"2023"	"TMDb-Soap"	"True"	"6ab04e5fdf06776bfe0b6e26"
"A Promessa"	"A Promessa"	"Drama|Mistério|Soap"	"es"	"2023"	"TMDb-Soap"	"True"	"6ab052d5df06776bfe0b7614"
"A Próxima Vítima"	"A Próxima Vítima"	"Soap|Crime|Drama"	"pt"	"1995"	"TMDb-Soap"	"True"	"6aafa788f7690c13ea80177d"
"A Rainha da Pérsia"	"A Rainha da Pérsia"	"Drama|Soap|War & Politics|Action & Adventure|Mistério"	"pt"	"2024"	"TMDb-Soap"	"True"	"6ab0509bdf06776bfe0b726a"
"A Regra do Jogo"	"A Regra do Jogo"	"Soap|Drama|Crime|Comédia"	"pt"	"2015"	"TMDb-Soap"	"True"	"6aaeb22f2d6a320f5fb5218a"
"A Sonhadora"	"A Sonhadora"	"Drama|Comédia|Soap"	"tr"	"2018"	"TMDb-Soap"	"True"	"6ab05361df06776bfe0b7799"
"A Sucessora"	"A Sucessora"	"Drama|Soap"	"pt"	"1978"	"TMDb-Soap"	"True"	"6ab0527edf06776bfe0b750a"
"A Terra Prometida"	"A Terra Prometida"	"Soap"	"pt"	"2016"	"TMDb-Soap"	"True"	"6aaeb2342d6a320f5fb521bf"
"A Usurpadora"	"A Usurpadora"	"Drama|Soap"	"es"	"1998"	"TMDb-Soap"	"True"	"6aaeb3812d6a320f5fb5269e"
"A Usurpadora (2019)"	"A Usurpadora"	"Drama|Soap"	"es"	"1998"	"TMDb-Soap"	"True"	"6ab074e2b04b288fb4b26aea"
"A Viagem"	"A Viagem"	"Soap|Drama"	"pt"	"1975"	"TMDb-Soap"	"True"	"6aaeb3882d6a320f5fb526eb"
"A Vida da Gente"	"A Vida da Gente"	"Soap|Drama"	"pt"	"2011"	"TMDb-Soap"	"True"	"6aaeb2362d6a320f5fb521d2"
"A Vítima"	"A Próxima Vítima"	"Soap|Crime|Drama"	"pt"	"1995"	"TMDb-Soap"	"True"	"6aafb13df7690c13ea802e58"
"Acorrentada"	"Acorrentada"	"Soap|Drama"	"pt"	"1983"	"TMDb-Soap"	"True"	"6ab054e4df06776bfe0b7a7d"
"Agora é Que São Elas"	"Agora é Que São Elas"	"Soap|Comédia|Família"	"pt"	"2003"	"TMDb-Soap"	"True"	"6ab07ae6b04b288fb4b2763c"
"Além da Ilusão"	"Além da Ilusão"	"Soap|Drama"	"pt"	"2022"	"TMDb-Soap"	"True"	"6ab05647df06776bfe0b7c94"
"Além da Usurpadora"	"Além da Usurpadora"	"Drama|Soap"	"es"	"1998"	"TMDb-Soap"	"True"	"6aaeb3d22d6a320f5fb5294a"
"Além do Horizonte"	"Além do Horizonte"	"Soap|Drama"	"pt"	"2013"	"TMDb-Soap"	"True"	"6aaeb2a02d6a320f5fb52348"
"Além do Tempo"	"Além do Tempo"	"Soap|Drama"	"pt"	"2015"	"TMDb-Soap"	"True"	"6aaeb2a22d6a320f5fb52355"
"Alma"	"Alma Rebelde"	"Soap|Drama"	"es"	"1999"	"TMDb-Soap"	"True"	"6aafbadaf7690c13ea80442e"
"Alma Gêmea"	"Alma Gêmea"	"Soap|Drama|Comédia|Mistério"	"pt"	"2005"	"TMDb-Soap"	"True"	"6aafa5e3f7690c13ea801309"
"Alma Gêmea (2026)"	"Alma Gêmea"	"Soap|Drama|Comédia|Mistério"	"pt"	"2005"	"TMDb-Soap"	"True"	"6aae3dc4eb0dcef49b83b8d0"
"Alma Indomável"	"Alma Indomável"	"Drama|Soap"	"es"	"2009"	"TMDb-Soap"	"True"	"6ab055cbdf06776bfe0b7bb1"
"Alto Astral"	"Alto Astral"	"Soap|Drama"	"pt"	"2014"	"TMDb-Soap"	"True"	"6aaeb29e2d6a320f5fb5233b"
"Amar a Morte"	"Amar a Morte"	"Drama|Soap"	"es"	"2018"	"TMDb-Soap"	"True"	"6aafb1e2f7690c13ea802fe2"
"Amar Demais"	"Amar Demais"	"Drama|Mistério|Soap"	"pt"	"2020"	"TMDb-Soap"	"True"	"6aafada5f7690c13ea802560"
"Amor à Vida"	"Amor à Vida"	"Soap|Drama|Família"	"pt"	"2013"	"TMDb-Soap"	"True"	"6aaeb33d2d6a320f5fb52532"
"Amor com Amor Se Paga"	"Amor com Amor Se Paga"	"Comédia|Soap"	"pt"	"1984"	"TMDb-Soap"	"True"	"6ab057e2df06776bfe0b7f41"
"Amor de Mãe"	"Amor de Mãe"	"Soap|Drama|Crime|Família"	"pt"	"2019"	"TMDb-Soap"	"True"	"6aaeb3ee2d6a320f5fb529e8"
"Amor e Ódio"	"Amor e Ódio"	"Soap|Drama|Mistério"	"pt"	"2001"	"TMDb-Soap"	"True"	"6ab05aa3df06776bfe0b81f7"
"Amor e Revolução (2011)"	"Amor e Revolução"	"Drama|Soap|War & Politics"	"pt"	"2011"	"TMDb-Soap"	"True"	"6ab069e7116cf5b1fd655619"
"Amor em Ruínas"	"Amor em Ruínas"	"Soap|Drama"	"pt"	"2026"	"TMDb-Soap"	"True"	"6ab06903116cf5b1fd6554a8"
"Amor Perfeito"	"Amor Perfeito"	"Soap|Drama"	"pt"	"2023"	"TMDb-Soap"	"True"	"6ab087f6e72bf158295f196e"
"Amor sem Igual"	"Amor sem Igual"	"Soap|Drama"	"pt"	"2019"	"TMDb-Soap"	"True"	"6aaeb4022d6a320f5fb52a18"
"Andando nas Nuvens"	"Andando nas Nuvens"	"Soap|Comédia"	"pt"	"1999"	"TMDb-Soap"	"True"	"6ab06a7c116cf5b1fd655748"
"Anjo Mau (1976)"	"Anjo Mau"	"Soap|Drama"	"pt"	"1997"	"TMDb-Soap"	"True"	"6aafae64f7690c13ea802747"
"Anjo Mau (1997)"	"Anjo Mau"	"Soap|Drama"	"pt"	"1997"	"TMDb-Soap"	"True"	"6aaeb3702d6a320f5fb52608"
"Ao Sul do Coração"	"Ao Sul do Coração"	"Soap|Drama"	"es"	"2024"	"TMDb-Soap"	"True"	"6ab06bb7116cf5b1fd655996"
"Apaixone-se Intensamente (LEG)"	"Apaixone-se Intensamente"	"Drama|Soap"	"zh"	"2025"	"TMDb-Soap"	"True"	"6ab06a42116cf5b1fd6556b8"
"Apocalipse"	"Apocalipse"	"Drama|Soap|Action & Adventure|Mistério"	"pt"	"2017"	"TMDb-Soap"	"True"	"6aaeb3742d6a320f5fb52627"
"Aquele Beijo"	"Aquele Beijo"	"Soap|Comédia"	"pt"	"2011"	"TMDb-Soap"	"True"	"6aafb253f7690c13ea8030e6"
"Araguaia"	"Araguaia"	"Soap|Drama|Família"	"pt"	"2010"	"TMDb-Soap"	"True"	"6ab0781bb04b288fb4b271d6"
"As Aventuras de Poliana"	"As Aventuras de Poliana"	"Soap"	"pt"	"2018"	"TMDb-Soap"	"True"	"6aaeb3812d6a320f5fb526a1"
"As Filhas da Mãe"	"As Filhas da Mãe"	"Soap|Comédia"	"pt"	"2001"	"TMDb-Soap"	"True"	"6ab07306de33d8ae26d431bb"
"As Filhas da Senhora Garcia"	"As Filhas da Senhora Garcia"	"Família|Drama|Soap"	"es"	"2024"	"TMDb-Soap"	"True"	"6ab085fae72bf158295f1641"
"Até que se Prove o Contrário"	"Até que o Dinheiro nos Separe"	"Soap|Drama"	"es"	"2022"	"TMDb-Soap"	"True"	"6aafd767f7690c13ea807cee"
"Avenida Brasil"	"Avenida Brasil"	"Soap|Drama|Mistério|Crime"	"pt"	"2012"	"TMDb-Soap"	"True"	"6aaeb3922d6a320f5fb52720"
"Away"	"Home and Away"	"Drama|Soap"	"en"	"1988"	"TMDb-Soap"	"True"	"6aafaca8f7690c13ea8022f8"
"Babilônia"	"Babilônia"	"Soap|Drama|Comédia"	"pt"	"2015"	"TMDb-Soap"	"True"	"6aaeb3952d6a320f5fb52734"
"Baila Comigo"	"Baila Comigo"	"Soap|Drama"	"pt"	"1981"	"TMDb-Soap"	"True"	"6ab074f5b04b288fb4b26b23"
"Bambolê"	"Bambolê"	"Soap"	"pt"	"1987"	"TMDb-Soap"	"True"	"6ab06f88116cf5b1fd655d00"
"Barriga de Aluguel"	"Barriga de Aluguel"	"Soap|Drama"	"pt"	"1990"	"TMDb-Soap"	"True"	"6ab07344de33d8ae26d43254"
"Bebê a Bordo"	"Bebê a Bordo"	"Soap|Drama|Comédia|Família|Reality"	"pt"	"1988"	"TMDb-Soap"	"True"	"6aaeb39f2d6a320f5fb5277b"
"Bela, a Feia (2009)"	"Bela, a Feia"	"Soap|Drama|Comédia"	"pt"	"2009"	"TMDb-Soap"	"True"	"6ab07534b04b288fb4b26bb7"
"Belíssima"	"Belíssima"	"Soap|Drama"	"pt"	"2005"	"TMDb-Soap"	"True"	"6aaeb3a02d6a320f5fb5278c"
"Betty, A Feia - A História Continua"	"Betty, A Feia - A História Continua"	"Soap|Comédia|Drama"	"es"	"2024"	"TMDb-Soap"	"True"	"6ab076d1b04b288fb4b26ed7"
"BIA"	"BIA"	"Drama|Comédia|Soap|Família"	"es"	"2019"	"TMDb-Soap"	"True"	"6aaeb3a92d6a320f5fb527de"
"Bibi de A Força do Querer"	"Bibi de A Força do Querer"	"Soap"	"pt"	"2025"	"TMDb-Soap"	"True"	"6ab07cf4b04b288fb4b278df"
"Boogie Oogie"	"Boogie Oogie"	"Soap|Drama"	"pt"	"2014"	"TMDb-Soap"	"True"	"6aafb37ef7690c13ea8033ec"
"Brega e Chique"	"Brega & Chique"	"Soap|Comédia"	"pt"	"1987"	"TMDb-Soap"	"True"	"6aafb49ef7690c13ea803645"
"Cabocla"	"Cabocla"	"Soap|Drama|Comédia"	"pt"	"2004"	"TMDb-Soap"	"True"	"6aaeb3d12d6a320f5fb5293f"
"Café com Aroma de Mulher"	"Café com Aroma de Mulher"	"Soap"	"es"	"2021"	"TMDb-Soap"	"True"	"6aafb619f7690c13ea8039b3"
"Cair em Tentação"	"Cair em Tentação"	"Drama|Soap"	"es"	"2017"	"TMDb-Soap"	"True"	"6ab07ecab04b288fb4b27baa"
"Cama de Gato"	"Cama de Gato"	"Soap|Drama"	"pt"	"2009"	"TMDb-Soap"	"True"	"6ab07f3db04b288fb4b27c76"
"Caminho das Índias"	"Caminho das Índias"	"Soap|Drama"	"pt"	"2009"	"TMDb-Soap"	"True"	"6aafb650f7690c13ea803a1a"
"Caras e Bocas"	"Caras & Bocas"	"Soap"	"pt"	"2009"	"TMDb-Soap"	"True"	"6aaeb3d42d6a320f5fb52962"
"Celebridade"	"Celebridade"	"Soap|Drama|Comédia"	"pt"	"2003"	"TMDb-Soap"	"True"	"6aaeb3eb2d6a320f5fb529ce"
"Cheias de Charme"	"Cheias de Charme"	"Soap|Comédia"	"pt"	"2012"	"TMDb-Soap"	"True"	"6aaeb4032d6a320f5fb52a1b"
"Chiquititas (1997)"	"Chiquititas"	"Família|Kids|Soap"	"es"	"1995"	"TMDb-Soap"	"True"	"6ab083d8e72bf158295f1277"
"Chocolate"	"Chocolate com Pimenta"	"Soap|Comédia|Drama"	"pt"	"2003"	"TMDb-Soap"	"True"	"6ab0847ae72bf158295f13b1"
"Chocolate com Pimenta"	"Chocolate com Pimenta"	"Soap|Comédia|Drama"	"pt"	"2003"	"TMDb-Soap"	"True"	"6aaeb4152d6a320f5fb52a67"
"Ciranda de Pedra"	"Ciranda de Pedra"	"Soap|Drama"	"pt"	"1981"	"TMDb-Soap"	"True"	"6ab08735e72bf158295f1876"
"Cobras e Lagartos"	"Cobras & Lagartos"	"Soap|Comédia|Drama"	"pt"	"2006"	"TMDb-Soap"	"True"	"6aafbca0f7690c13ea804764"
"Colisão"	"Colisão"	"Drama|Soap"	"es"	"2026"	"TMDb-Soap"	"True"	"6ab0879ae72bf158295f18ec"
"Coração Marcado"	"Coração Marcado"	"Soap|Mistério"	"es"	"2022"	"TMDb-Soap"	"True"	"6aafbd54f7690c13ea804908"
"Cristal (2006)"	"Cristal"	"Soap|Drama"	"pt"	"2006"	"TMDb-Soap"	"True"	"6ab0a62572526d991c7b4f7b"
"Cúmplices de um Resgate"	"Cúmplices de um Resgate"	"Soap|Drama|Família"	"pt"	"2015"	"TMDb-Soap"	"True"	"6ab01463f7690c13ea80dcaa"
"Da Cor do Pecado"	"Da Cor do Pecado"	"Comédia|Drama|Soap"	"pt"	"2004"	"TMDb-Soap"	"True"	"6aafc01df7690c13ea804e5e"
"Deus Salve o Rei"	"Deus Salve o Rei"	"Soap|Drama|Action & Adventure"	"pt"	"2018"	"TMDb-Soap"	"True"	"6aafc1bef7690c13ea805202"
"Dinastia"	"Dinastia"	"Drama|Soap"	"en"	"2017"	"TMDb-Soap"	"True"	"6aafc34cf7690c13ea80555e"
"Duas Caras"	"Duas Caras"	"Soap|Drama"	"pt"	"2007"	"TMDb-Soap"	"True"	"6aafc4abf7690c13ea8058c8"
"Em Família"	"Em Família"	"Soap|Drama"	"pt"	"2014"	"TMDb-Soap"	"True"	"6aafc7f8f7690c13ea805ea4"
"Empire - Fama e Poder"	"Empire: Fama e Poder"	"Drama|Soap"	"en"	"2015"	"TMDb-Soap"	"True"	"6aafc851f7690c13ea805f5d"
"Éramos Seis"	"Éramos Seis"	"Soap|Drama"	"pt"	"2019"	"TMDb-Soap"	"True"	"6ab045aadf06776bfe0b5ef1"
"Escrava Mãe"	"Escrava Mãe"	"Drama|Soap"	"pt"	"2016"	"TMDb-Soap"	"True"	"6aafc8eef7690c13ea8060c2"
"Espelho da Vida"	"Espelho da Vida"	"Soap|Drama|Família"	"pt"	"2018"	"TMDb-Soap"	"True"	"6aafc6bef7690c13ea805d02"
"Estrela-Guia"	"Estrela-Guia"	"Soap|Drama|Sci-Fi & Fantasy"	"pt"	"2001"	"TMDb-Soap"	"True"	"6aafc780f7690c13ea805d9f"
"Êta Mundo Bom!"	"Êta Mundo Bom!"	"Soap|Drama|Comédia"	"pt"	"2016"	"TMDb-Soap"	"True"	"6ab04539df06776bfe0b5dfe"
"Explode Coração"	"Explode Coração"	"Soap|Drama"	"pt"	"1995"	"TMDb-Soap"	"True"	"6aafca02f7690c13ea8062ea"
"Felicidade"	"Felicidade"	"Soap|Drama"	"pt"	"1991"	"TMDb-Soap"	"True"	"6aafce2cf7690c13ea806b72"
"Fera Radical"	"Fera Radical"	"Soap|Drama"	"pt"	"1988"	"TMDb-Soap"	"True"	"6aafd093f7690c13ea80704b"
"Fina Estampa"	"Fina Estampa"	"Soap|Drama|Comédia"	"pt"	"2011"	"TMDb-Soap"	"True"	"6aafcee1f7690c13ea806cf1"
"Fuzuê"	"Fuzuê"	"Soap|Comédia"	"pt"	"2023"	"TMDb-Soap"	"True"	"6a8ca046765a5b992ed9ba12"
"Gabriela"	"Gabriela"	"Soap|Comédia|Drama"	"pt"	"2012"	"TMDb-Soap"	"True"	"6aafcd9bf7690c13ea806a63"
"Gênesis"	"Gênesis"	"Soap|Drama"	"pt"	"2021"	"TMDb-Soap"	"True"	"6aafd6c9f7690c13ea807bcd"
"Geração Brasil"	"Geração Brasil"	"Soap|Sci-Fi & Fantasy|Comédia"	"pt"	"2014"	"TMDb-Soap"	"True"	"6aafcf54f7690c13ea806dec"
"Guerra dos Sexos"	"Guerra dos Sexos"	"Soap|Comédia"	"pt"	"1983"	"TMDb-Soap"	"True"	"6aafd65bf7690c13ea807b15"
"Haja Coração"	"Haja Coração"	"Soap"	"pt"	"2016"	"TMDb-Soap"	"True"	"6aafda2ef7690c13ea80821a"
"Hilda Furacão"	"Hilda Furacão"	"Drama|War & Politics|Soap"	"pt"	"1998"	"TMDb-Soap"	"True"	"6aafdc57f7690c13ea8085e6"
"I Love Paraisópolis"	"I Love Paraisópolis"	"Soap|Drama"	"pt"	"2015"	"TMDb-Soap"	"True"	"6aafd9acf7690c13ea808120"
"Império"	"Império"	"Soap|Drama"	"pt"	"2014"	"TMDb-Soap"	"True"	"6aafdaf5f7690c13ea80834c"
"Império de Mentiras"	"Império de Mentiras"	"Drama|Action & Adventure|Soap"	"es"	"2020"	"TMDb-Soap"	"True"	"6ab045d6df06776bfe0b5f5d"
"Insensato Coração"	"Insensato Coração"	"Soap|Drama|Comédia"	"pt"	"2011"	"TMDb-Soap"	"True"	"6aafdc9ff7690c13ea80865a"
"Jezabel"	"Jezabel"	"Soap|Drama"	"pt"	"2019"	"TMDb-Soap"	"True"	"6aafe050f7690c13ea808cd1"
"Kubanacan"	"Kubanacan"	"Soap|Comédia|Drama"	"pt"	"2003"	"TMDb-Soap"	"True"	"6aafe37bf7690c13ea8091cb"
"Laços de Família"	"Laços de Família"	"Soap|Drama"	"pt"	"2000"	"TMDb-Soap"	"True"	"6aafe7aef7690c13ea809958"
"Liberdade"	"Sonhos de Liberdade"	"Drama|Soap"	"es"	"2024"	"TMDb-Soap"	"True"	"6aafe9bdf7690c13ea809ce1"
"Liberdade, Liberdade"	"Liberdade, Liberdade"	"Soap|Drama"	"pt"	"2016"	"TMDb-Soap"	"True"	"6aafe999f7690c13ea809c9d"
"Lua Cheia de Amor"	"Lua Cheia de Amor"	"Soap|Drama|Comédia"	"pt"	"1990"	"TMDb-Soap"	"True"	"6aafebcdf7690c13ea80a044"
"Malhação - vidas brasileiras"	"Malhação"	"Soap|Comédia|Drama"	"pt"	"1995"	"TMDb-Soap"	"True"	"6aafe9cff7690c13ea809d09"
"Malhação (2010)"	"Malhação"	"Soap|Comédia|Drama"	"pt"	"1995"	"TMDb-Soap"	"True"	"6aafea85f7690c13ea809e4b"
"Malhação (2012)"	"Malhação"	"Soap|Comédia|Drama"	"pt"	"1995"	"TMDb-Soap"	"True"	"6aaf7deaf7690c13ea8000ef"
"Malhação (2014)"	"Malhação"	"Soap|Comédia|Drama"	"pt"	"1995"	"TMDb-Soap"	"True"	"6aaf2aedf7690c13ea7fff66"
"Malhação Viva a Diferença"	"Malhação"	"Soap|Comédia|Drama"	"pt"	"1995"	"TMDb-Soap"	"True"	"6aafeb7af7690c13ea809fb4"
"Mania de Você"	"Mania de Você"	"Soap|Drama|Mistério"	"pt"	"2024"	"TMDb-Soap"	"True"	"6a8ca046765a5b992ed9ba09"
"Maria do Bairro"	"Maria do Bairro"	"Drama|Soap"	"es"	"1995"	"TMDb-Soap"	"True"	"6aaff118f7690c13ea80a8d4"
"Marimar"	"Marimar"	"Drama|Soap"	"es"	"1994"	"TMDb-Soap"	"True"	"6aafee93f7690c13ea80a4e7"
"Meu Bem, Meu Mal"	"Meu Bem, Meu Mal"	"Drama|Soap"	"pt"	"1990"	"TMDb-Soap"	"True"	"6aaff595f7690c13ea80af84"
"Morde e Assopra"	"Morde & Assopra"	"Soap|Drama|Comédia"	"pt"	"2011"	"TMDb-Soap"	"True"	"6aaff1bbf7690c13ea80a9a1"
"Mulheres Apaixonadas"	"Mulheres Apaixonadas"	"Soap|Família|Drama"	"pt"	"2003"	"TMDb-Soap"	"True"	"6aaff2e4f7690c13ea80ab5c"
"Mulheres de Areia"	"Mulheres de Areia"	"Soap|Drama"	"pt"	"1973"	"TMDb-Soap"	"True"	"6aaff7cbf7690c13ea80b2e2"
"Novo Mundo"	"Novo Mundo"	"Soap|Drama|Action & Adventure"	"pt"	"2017"	"TMDb-Soap"	"True"	"6aaff859f7690c13ea80b3c1"
"O Bem-Amado"	"O Bem-Amado"	"Soap|Comédia"	"pt"	"1973"	"TMDb-Soap"	"True"	"6aaff91cf7690c13ea80b4f9"
"O Clone"	"O Clone"	"Soap|Drama|Sci-Fi & Fantasy"	"pt"	"2001"	"TMDb-Soap"	"True"	"6aaff97bf7690c13ea80b57f"
"O Cravo e a Rosa"	"O Cravo e a Rosa"	"Soap|Comédia|Drama"	"pt"	"2000"	"TMDb-Soap"	"True"	"6aaff9e3f7690c13ea80b60e"
"O Outro Lado do Paraíso"	"O Outro Lado do Paraíso"	"Soap|Drama|Mistério"	"pt"	"2017"	"TMDb-Soap"	"True"	"6aaffb1df7690c13ea80b81f"
"O Profeta"	"O Profeta"	"Soap|Drama"	"pt"	"2006"	"TMDb-Soap"	"True"	"6aaffeb6f7690c13ea80bdaf"
"O Rebu"	"O Rebu"	"Soap|Mistério"	"pt"	"2014"	"TMDb-Soap"	"True"	"6aaffe28f7690c13ea80bcce"
"O Rei do Gado"	"O Rei do Gado"	"Soap|Drama"	"pt"	"1996"	"TMDb-Soap"	"True"	"6aaffc76f7690c13ea80ba2e"
"O Rico e Lázaro"	"O Rico e Lázaro"	"Soap|Drama|Família"	"pt"	"2017"	"TMDb-Soap"	"True"	"6aaffd23f7690c13ea80bb31"
"O Salvador da Pátria"	"O Salvador da Pátria"	"Soap|Drama"	"pt"	"1989"	"TMDb-Soap"	"True"	"6ab0463cdf06776bfe0b602e"
"O Sétimo Guardião"	"O Sétimo Guardião"	"Soap|Comédia|Drama|Sci-Fi & Fantasy"	"pt"	"2018"	"TMDb-Soap"	"True"	"6ab0016bf7690c13ea80c1b7"
"O11ZE"	"O11ZE"	"Comédia|Família|Soap"	"es"	"2017"	"TMDb-Soap"	"True"	"6ab0021af7690c13ea80c2b1"
"Operação Pacífico"	"Operação Pacífico"	"Drama|Crime|Soap"	"es"	"2020"	"TMDb-Soap"	"True"	"6ab000d9f7690c13ea80c0de"
"Orgulho e Paixão"	"Orgulho e Paixão"	"Soap|Drama|Comédia"	"pt"	"2018"	"TMDb-Soap"	"True"	"6ab00120f7690c13ea80c149"
"Os Dez Mandamentos"	"Os Dez Mandamentos"	"Drama|Romance|História|Soap|Mistério"	"pt"	"2015"	"TMDb-Soap"	"True"	"6ab003bcf7690c13ea80c50e"
"Os Inocentes"	"Os Inocentes"	"Soap|Drama|Faroeste"	"pt"	"1974"	"TMDb-Soap"	"True"	"6ab002ebf7690c13ea80c3fb"
"Os Ricos Também Choram (2022)"	"Os Ricos Também Choram"	"Drama|Soap"	"es"	"1979"	"TMDb-Soap"	"True"	"6ab259a4c855b6561fe85672"
"Pacto de Sangue"	"Pacto de Sangue"	"Soap|Drama"	"pt"	"1989"	"TMDb-Soap"	"True"	"6aaf8d35f7690c13ea8002cf"
"Páginas da Vida"	"Páginas da Vida"	"Soap|Drama|Família"	"pt"	"2006"	"TMDb-Soap"	"True"	"6ab00cddf7690c13ea80d247"
"Pantanal"	"Pantanal"	"Soap|Drama"	"pt"	"1990"	"TMDb-Soap"	"True"	"6ab00844f7690c13ea80cbcd"
"Pátria"	"Pátria Minha"	"Soap|Drama"	"pt"	"1994"	"TMDb-Soap"	"True"	"6ab00cd6f7690c13ea80d23d"
"Pedra Sobre Pedra"	"Pedra Sobre Pedra"	"Soap|Drama"	"pt"	"1992"	"TMDb-Soap"	"True"	"6ab00795f7690c13ea80ca9d"
"Pega Pega"	"Pega Pega"	"Soap|Comédia"	"pt"	"2017"	"TMDb-Soap"	"True"	"6ab046dedf06776bfe0b6123"
"Por Amor"	"Por Amor"	"Soap|Drama|Família"	"pt"	"1997"	"TMDb-Soap"	"True"	"6ab009eaf7690c13ea80ce4d"
"Porto dos Milagres"	"Porto dos Milagres"	"Soap|Drama"	"pt"	"2001"	"TMDb-Soap"	"True"	"6ab00a41f7690c13ea80ceb8"
"Quatro por Quatro"	"Quatro por Quatro"	"Soap|Comédia|Drama"	"pt"	"1994"	"TMDb-Soap"	"True"	"6ab00c2df7690c13ea80d15a"
"Que Rei Sou Eu_"	"Que Rei Sou Eu?"	"Soap|Comédia"	"pt"	"1989"	"TMDb-Soap"	"True"	"6ab00fa4f7690c13ea80d614"
"Renascer (1993)"	"Renascer"	"Soap|Drama"	"pt"	"2024"	"TMDb-Soap"	"True"	"6ab0106cf7690c13ea80d741"
"Renascer (2024)"	"Renascer"	"Soap|Drama"	"pt"	"2024"	"TMDb-Soap"	"True"	"6ab1a4ea2542ff651801f4d6"
"Rock Story"	"Rock Story"	"Drama|Soap"	"pt"	"2016"	"TMDb-Soap"	"True"	"6ab01354f7690c13ea80db32"
"Roda de Fogo"	"Roda de Fogo"	"Soap|Drama"	"pt"	"1986"	"TMDb-Soap"	"True"	"6ab016a1f7690c13ea80df91"
"Roque Santeiro"	"Roque Santeiro"	"Soap|Comédia|Drama"	"pt"	"1985"	"TMDb-Soap"	"True"	"6ab0173ff7690c13ea80e04b"
"Rubí"	"Rubí"	"Soap"	"es"	"2020"	"TMDb-Soap"	"True"	"6ab018fdf7690c13ea80e281"
"Salve Jorge"	"Salve Jorge"	"Soap|Drama|Romance"	"pt"	"2012"	"TMDb-Soap"	"True"	"6ab012bff7690c13ea80da81"
"Salve-se Quem Puder"	"Salve Jorge"	"Soap|Drama|Romance"	"pt"	"2012"	"TMDb-Soap"	"True"	"6ab017d4f7690c13ea80e109"
"Sangue Bom"	"Sangue Bom"	"Soap|Drama|Comédia"	"pt"	"2013"	"TMDb-Soap"	"True"	"6ab014e7f7690c13ea80dd68"
"Sassaricando"	"Sassaricando"	"Soap|Comédia"	"pt"	"1987"	"TMDb-Soap"	"True"	"6ab0195af7690c13ea80e30f"
"Segundo Sol"	"Segundo Sol"	"Soap|Drama"	"pt"	"2018"	"TMDb-Soap"	"True"	"6ab01ae7f7690c13ea80e547"
"Selva de Pedra"	"Selva de Pedra"	"Drama|Soap"	"pt"	"1972"	"TMDb-Soap"	"True"	"6ab01bacf7690c13ea80e642"
"Sem Limites"	"Amor Sem Limites"	"Drama|Crime|Soap"	"tr"	"2023"	"TMDb-Soap"	"True"	"6ab02c3bdf06776bfe0b29af"
"Senhora do Destino"	"Senhora do Destino"	"Soap|Drama"	"pt"	"2004"	"TMDb-Soap"	"True"	"6ab01ceaf7690c13ea80e7d1"
"Sete Vidas"	"Sete Vidas"	"Soap|Drama"	"pt"	"2015"	"TMDb-Soap"	"True"	"6ab02c3ddf06776bfe0b29b7"
"Sinhá Moça"	"Sinhá Moça"	"Soap|Drama"	"pt"	"2006"	"TMDb-Soap"	"True"	"6ab02d09df06776bfe0b2b56"
"Sol Nascente"	"Sol Nascente"	"Soap|Drama|Comédia"	"pt"	"2016"	"TMDb-Soap"	"True"	"6ab02e08df06776bfe0b2e0d"
"Terra Nostra"	"Terra Nostra"	"Soap|Drama"	"pt"	"1999"	"TMDb-Soap"	"True"	"6ab047aedf06776bfe0b627c"
"Vale Tudo (2025)"	"Vale Tudo"	"Soap|Drama"	"pt"	"2025"	"TMDb-Soap"	"True"	"6ab0d5031a0a0540e9f65c07"
